img_name,year,month,lat,lon,panoid,img_dir,exist,collection,class
LkN9dmH-f_QJFFxGOk7PEA_90,2018,10,-1.374241209709773,36.77932682284209,LkN9dmH-f_QJFFxGOk7PEA,Google/L/k/,True,GSVI,background
VSNF3NE5eykDgUUAqoayFg_270,2021,7,-1.238583743125317,36.85100109870258,VSNF3NE5eykDgUUAqoayFg,Google/V/S/,True,GSVI,background
459eb9b0-UPoDfWE8S-Ya6uSXDf3w8Q_0,2018,4,-1.320441021333071,36.89276076796465,UPoDfWE8S-Ya6uSXDf3w8Q,Google/U/P/,True,GSVI,waste
701ab709-UrRoUBKATo0lZ4iSFwxUng_0,2021,8,-1.312264322720398,36.85705586782396,UrRoUBKATo0lZ4iSFwxUng,Google/U/r/,True,GSVI,waste
f10f8795-eIZ7kN3HHMhLCIFz3M5mNw_0,2021,9,-1.186151458412168,36.90580395413535,eIZ7kN3HHMhLCIFz3M5mNw,Google/e/I/,True,GSVI,waste
979cfc83--wxfxJrXi5XoWGgZwYq5uA_90,2021,7,-1.315380437350769,36.91377806560855,-wxfxJrXi5XoWGgZwYq5uA,Google/-/w/,True,GSVI,waste
d39c4c5f-ml4po62tulrbZSmjhq1h6g_0,2021,8,-1.260407676976217,36.71150532879808,ml4po62tulrbZSmjhq1h6g,Google/m/l/,True,GSVI,waste
VKUbw1WjjELEnpFuQ69skw_90,2017,12,-1.258404293464729,36.69691969762378,VKUbw1WjjELEnpFuQ69skw,Google/V/K/,True,GSVI,background
b40bc417-9QWK7iuMIoikABFsAX4hwQ_180,2018,2,-1.253584416703991,36.91195077409436,9QWK7iuMIoikABFsAX4hwQ,Google/9/Q/,True,GSVI,waste
VZfgl9pU6YcVqw70m3ZN9w_180,2021,7,-1.256795471096886,36.69788295212918,VZfgl9pU6YcVqw70m3ZN9w,Google/V/Z/,True,GSVI,background
T70s5GY-zR9-2L3IBLMnUw_180,2021,8,-1.224058617604436,36.72414783309801,T70s5GY-zR9-2L3IBLMnUw,Google/T/7/,True,GSVI,background
laGnUekBtZIQqS1kHM9PLQ_270,2021,8,-1.284634821663177,36.65074482731139,laGnUekBtZIQqS1kHM9PLQ,Google/l/a/,True,GSVI,background
8F9Nmj1C08teg3qN3aZnlQ_0,2021,7,-1.280154965848343,36.89612568949184,8F9Nmj1C08teg3qN3aZnlQ,Google/8/F/,True,GSVI,background
9dbe5ce2-jR24wEVpY7DJv_IRLYStCQ_270,2018,1,-1.317726880320081,36.86804658402819,jR24wEVpY7DJv_IRLYStCQ,Google/j/R/,True,GSVI,waste
llpQypqutd2G2E_d9EmAXA_90,2021,9,-1.220025155873129,36.89851472710421,llpQypqutd2G2E_d9EmAXA,Google/l/l/,True,GSVI,background
1k8O2oCxvICJFz49n29MzQ_270,2018,2,-1.287316800695699,36.75339969171051,1k8O2oCxvICJFz49n29MzQ,Google/1/k/,True,GSVI,background
68d564da-iX4uMsIoNScfdNUbD6ehfw_270,2018,2,-1.25560503781035,36.88297162574893,iX4uMsIoNScfdNUbD6ehfw,Google/i/X/,True,GSVI,waste
LfcxYT84eiI8HVQJgQ7WZA_180,2017,12,-1.381346639605024,36.76129181096039,LfcxYT84eiI8HVQJgQ7WZA,Google/L/f/,True,GSVI,background
f565634d-IMG_7804,2023,2,-1.312752777777778,36.87211666666667,,ZWL/,True,SC,waste
livjAJW6OK9aeHUe31apvw_0,2021,7,-1.347413000842988,36.70863522522043,livjAJW6OK9aeHUe31apvw,Google/l/i/,True,GSVI,background
8f89a050-1LaYvJRdEacIHwHkQfcWBg_180,2021,8,-1.331109624589518,36.89335063536874,1LaYvJRdEacIHwHkQfcWBg,Google/1/L/,True,GSVI,waste
2b3044e6-UdVQg74UY8M39NdT-PgaeA_0,2018,2,-1.297360797404323,36.84834036687837,UdVQg74UY8M39NdT-PgaeA,Google/U/d/,True,GSVI,waste
VfucATUdyyfVS-9AY6pxpw_90,2021,7,-1.367922621731051,36.73691491349944,VfucATUdyyfVS-9AY6pxpw,Google/V/f/,True,GSVI,background
29569d41-ClV15EyHw8gDptH_P9nCdQ_0,2021,9,-1.237041663976467,36.93224072902867,ClV15EyHw8gDptH_P9nCdQ,Google/C/l/,True,GSVI,waste
6f76043a-WgIAei8DvwEtkGe3OZ0-sQ_270,2017,12,-1.268089897387747,36.75710377724837,WgIAei8DvwEtkGe3OZ0-sQ,Google/W/g/,True,GSVI,waste
58c38089--4Rci70cakpla7qHAQ6RtA_270,2021,7,-1.310624328407082,36.79156099313937,-4Rci70cakpla7qHAQ6RtA,Google/-/4/,True,GSVI,waste
44521899-pesqWVBT_UocHHS7xfJOkg_0,2018,2,-1.201886794675892,36.92287807540442,pesqWVBT_UocHHS7xfJOkg,Google/p/e/,True,GSVI,waste
d28d4925-bUnfu7n1SV0XRuKNOGwjOA_0,2021,8,-1.262758833198708,36.90765010535824,bUnfu7n1SV0XRuKNOGwjOA,Google/b/U/,True,GSVI,waste
IMG_6510,2023,2,-1.3050388888888889,36.78776388888889,,ZWL/,True,SC,background
lhNnW8jI1FzA_O--Ijt4jw_270,2021,7,-1.245730206289551,36.77602508028031,lhNnW8jI1FzA_O--Ijt4jw,Google/l/h/,True,GSVI,background
lLI18dbQV_df9rgwrHqa5Q_270,2021,10,-1.267004139667248,36.66662393804007,lLI18dbQV_df9rgwrHqa5Q,Google/l/L/,True,GSVI,background
97d6535a-sFbUwzT5F9YaUBjFJJkK9Q_0,2017,12,-1.328714175735971,36.78389720226222,sFbUwzT5F9YaUBjFJJkK9Q,Google/s/F/,True,GSVI,waste
Mb65u9ctNHex9R94d0n9pg_90,2018,2,-1.295448679598229,36.81056517422628,Mb65u9ctNHex9R94d0n9pg,Google/M/b/,True,GSVI,background
SZPn6h607K4y7Dk9jgkA4A_180,2021,10,-1.242893164597163,36.73447253151137,SZPn6h607K4y7Dk9jgkA4A,Google/S/Z/,True,GSVI,background
1f7e5b1e-3767618616712176,,,,,,,True,SC,waste
mBH8HV0YLpLGvRpMKWSYqQ_90,2021,7,-1.244252279396188,36.94036770193493,mBH8HV0YLpLGvRpMKWSYqQ,Google/m/B/,True,GSVI,background
1d7f2e27-Aucr54gFjKPv26YsP5_wOg_270,2018,2,-1.253447123105001,36.92273944550008,Aucr54gFjKPv26YsP5_wOg,Google/A/u/,True,GSVI,waste
1f83eb9f-4ZTJ0qefQMNY75LNIDw6XQ_180,2021,10,-1.254459582954427,36.69357392261115,4ZTJ0qefQMNY75LNIDw6XQ,Google/4/Z/,True,GSVI,waste
t3cg6gq6c1RZ9WmWLnIfSg_90,2018,2,-1.210124738498118,36.80326996468966,t3cg6gq6c1RZ9WmWLnIfSg,Google/t/3/,True,GSVI,background
T4bQhNRS4OHE1TkAkcOUHw_90,2021,7,-1.365130767390388,36.72896386301682,T4bQhNRS4OHE1TkAkcOUHw,Google/T/4/,True,GSVI,background
6db61be8-mlwzN3Etbz_DKV7nEvdBOA_0,2018,4,-1.362614371607221,36.66088106677567,mlwzN3Etbz_DKV7nEvdBOA,Google/m/l/,True,GSVI,waste
6wcgy028Q2If0c4XGPah_g_90,2021,7,-1.263885994161176,36.78496797497649,6wcgy028Q2If0c4XGPah_g,Google/6/w/,True,GSVI,background
IMG_6466,2023,2,-1.3068222222222223,36.78303888888889,,ZWL/,True,SC,background
Sx5pGE1l9aaP91Rzi5tZbQ_0,2017,12,-1.382539101955389,36.75729369163631,Sx5pGE1l9aaP91Rzi5tZbQ,Google/S/x/,True,GSVI,background
-lWSlURxIW1X3mzWO8Zp9w_270,2021,9,-1.195519465048333,36.93586735408964,-lWSlURxIW1X3mzWO8Zp9w,Google/-/l/,True,GSVI,background
SZGAx-90Ezf5le-JrS4miQ_270,2018,2,-1.255193838288271,36.97045372384885,SZGAx-90Ezf5le-JrS4miQ,Google/S/Z/,True,GSVI,background
86b08002-2m5RC3-OprJh79inaaHaDg_90,2018,2,-1.276766359970758,36.91989353710782,2m5RC3-OprJh79inaaHaDg,Google/2/m/,True,GSVI,waste
1mjT6U1te-GrtrKgxHMsBg_0,2022,3,-1.463501124960345,36.93569512257712,1mjT6U1te-GrtrKgxHMsBg,Google/1/m/,True,GSVI,background
2VEEk0Z-IucMods602GgYQ_180,2021,8,-1.190779974081016,36.84428101382216,2VEEk0Z-IucMods602GgYQ,Google/2/V/,True,GSVI,background
cc434da4-3bACK_ymodpIxZsjOYsCfQ_90,2021,9,-1.190668454125594,36.90989699603962,3bACK_ymodpIxZsjOYsCfQ,Google/3/b/,True,GSVI,waste
606a2542-0QJRRbL6Ymcotp0-iLLqrA_0,2018,1,-1.323958321911729,36.82408053065314,0QJRRbL6Ymcotp0-iLLqrA,Google/0/Q/,True,GSVI,waste
94354e70-G2SHnB8Y3DK9AiM2LbJI0A_180,2018,2,-1.251284876458632,36.90342007681569,G2SHnB8Y3DK9AiM2LbJI0A,Google/G/2/,True,GSVI,waste
f4bccdb6-dkfruFBwl29LvGwhFCbhxA_0,2018,2,-1.268529104590804,36.84136513782266,dkfruFBwl29LvGwhFCbhxA,Google/d/k/,True,GSVI,waste
242619af-TIOPPZGBXC3zyu8-BH-YEA_0,2021,7,-1.311318515408636,36.89204123492344,TIOPPZGBXC3zyu8-BH-YEA,Google/T/I/,True,GSVI,waste
c5ea9c01-oJx1kT34aw3GlDEscr19vA_180,2021,9,-1.212816509610948,36.93145112814162,oJx1kT34aw3GlDEscr19vA,Google/o/J/,True,GSVI,waste
vFw6p5P7274L0KQGAmz7uQ_270,2021,10,-1.230873074013258,36.69530812941971,vFw6p5P7274L0KQGAmz7uQ,Google/v/F/,True,GSVI,background
LUnD-BJ54t5UmqvQzU2lbA_90,2021,7,-1.256578843470313,36.83709187526909,LUnD-BJ54t5UmqvQzU2lbA,Google/L/U/,True,GSVI,background
1e09ce61-mlwzN3Etbz_DKV7nEvdBOA_270,2018,4,-1.362614371607221,36.66088106677567,mlwzN3Etbz_DKV7nEvdBOA,Google/m/l/,True,GSVI,waste
03881b9f-ds5Yz9OrXMJAQMQJduuw2g_90,2018,2,-1.264372548074228,36.89448825858162,ds5Yz9OrXMJAQMQJduuw2g,Google/d/s/,True,GSVI,waste
bc979e96-NuIR7BMJBuA_7yGiwTVnwA_0,2021,9,-1.238835715654978,36.93013642009068,NuIR7BMJBuA_7yGiwTVnwA,Google/N/u/,True,GSVI,waste
ta7Nt3XlalFnZsywneVP5g_90,2021,10,-1.273484531432101,37.03172318629024,ta7Nt3XlalFnZsywneVP5g,Google/t/a/,True,GSVI,background
1bd948c2-5BJ5B1N0_r9jP4i9xKkDVQ_270,2018,4,-1.313795797093705,36.88793907262757,5BJ5B1N0_r9jP4i9xKkDVQ,Google/5/B/,True,GSVI,waste
LAse_5sRk_8Fjaa-h6uxrA_270,2021,10,-1.241615732356742,36.73445172498953,LAse_5sRk_8Fjaa-h6uxrA,Google/L/A/,True,GSVI,background
c8bdd578-Un8gVmq22TfnlZMJIeWp2A_0,2022,3,-1.466506500912795,36.93939464837585,Un8gVmq22TfnlZMJIeWp2A,Google/U/n/,True,GSVI,waste
1d285c19-lSFu0L7XB3Lc5fBWfk_sXA_0,2021,9,-1.215422829876133,36.92171923618086,lSFu0L7XB3Lc5fBWfk_sXA,Google/l/S/,True,GSVI,waste
Vk-MBY7VKX0G30hE_QSJEQ_270,2021,8,-1.26634856727003,36.79318666072005,Vk-MBY7VKX0G30hE_QSJEQ,Google/V/k/,True,GSVI,background
L6UpRy5q2L_zk_5eAQ0IBg_90,2021,10,-1.348736671808217,36.90513829122179,L6UpRy5q2L_zk_5eAQ0IBg,Google/L/6/,True,GSVI,background
t6rEZnx7nH_LBFuwu33Hyw_270,2021,7,-1.277724784861728,36.7645868581513,t6rEZnx7nH_LBFuwu33Hyw,Google/t/6/,True,GSVI,background
b4d4c8ea-odxfBkspxc6Wbmxxbu2Tmw_0,2018,2,-1.27584040462279,36.83068500768139,odxfBkspxc6Wbmxxbu2Tmw,Google/o/d/,True,GSVI,waste
LNQ7hlKilCKm_u4Si3UCZg_90,2018,2,-1.255768372614095,37.02903313792432,LNQ7hlKilCKm_u4Si3UCZg,Google/L/N/,True,GSVI,background
vd1nYYLTDh_QPTZI0ZcbqQ_270,2021,7,-1.237328584024409,36.7631909078628,vd1nYYLTDh_QPTZI0ZcbqQ,Google/v/d/,True,GSVI,background
ae0b418e-ZTB_wDZrVD3ed6ez5Fsyiw_180,2018,2,-1.262645859017872,36.88698231164253,ZTB_wDZrVD3ed6ez5Fsyiw,Google/Z/T/,True,GSVI,waste
bb13080c-R3Rch0lUe-Z2kHN7SS7l4w_270,2018,2,-1.246934292285993,36.90494473667897,R3Rch0lUe-Z2kHN7SS7l4w,Google/R/3/,True,GSVI,waste
03b05617-JobSHy3u4Gu6fNfuAwsqrw_0,2018,1,-1.288477880830524,36.84641126800447,JobSHy3u4Gu6fNfuAwsqrw,Google/J/o/,True,GSVI,waste
-wAkkStEYDXmeT7bVijKCQ_180,2018,1,-1.312220149571484,36.706775456127,-wAkkStEYDXmeT7bVijKCQ,Google/-/w/,True,GSVI,background
3d3a8374-l15m5Q8Vvl4gRj3mMHVliw_0,2018,2,-1.271299250451073,36.74943066475342,l15m5Q8Vvl4gRj3mMHVliw,Google/l/1/,True,GSVI,waste
Tg55vpqZthg-pNOjlPA72A_270,2022,5,-1.166897916143861,36.86834999071482,Tg55vpqZthg-pNOjlPA72A,Google/T/g/,True,GSVI,background
e549eb50-94M40znJQqlB_LfSwC6JbQ_180,2018,1,-1.3178191453102,36.86819410090954,94M40znJQqlB_LfSwC6JbQ,Google/9/4/,True,GSVI,waste
LFX0xIXEMvnGDg6QXu_pGA_90,2017,12,-1.251775046998304,36.83321176664251,LFX0xIXEMvnGDg6QXu_pGA,Google/L/F/,True,GSVI,background
b930dfe3-JQoLcBzLAPnNChg_Rpfvqg_0,2021,8,-1.254006853126984,36.88941588072475,JQoLcBzLAPnNChg_Rpfvqg,Google/J/Q/,True,GSVI,waste
9cf99f0c-ChO4kce6m6cOVuZX-EDR5Q_0,2021,9,-1.207341738370864,36.90300932727786,ChO4kce6m6cOVuZX-EDR5Q,Google/C/h/,True,GSVI,waste
12fe849c-WechatIMG1048,,,,,,,True,SC,waste
VC3oArGeakZQql_lbzWqqQ_180,2018,2,-1.222554869427823,36.89926061871269,VC3oArGeakZQql_lbzWqqQ,Google/V/C/,True,GSVI,background
5dcbfba7-lXabxgi6aI4momvC7E0rGQ_180,2018,2,-1.262378894240374,36.88523108998434,lXabxgi6aI4momvC7E0rGQ,Google/l/X/,True,GSVI,waste
IMG_6498,2023,2,-1.3062305555555556,36.78696388888888,,ZWL/,True,SC,background
VN0xfgCBMOxKonCLlnt7Mg_0,2022,2,-1.404114661440047,36.77386986275802,VN0xfgCBMOxKonCLlnt7Mg,Google/V/N/,True,GSVI,background
SYhm5LLp4h5aWEshdeklIQ_90,2021,10,-1.292087129846766,36.84077436078806,SYhm5LLp4h5aWEshdeklIQ,Google/S/Y/,True,GSVI,background
ffd49832-bNDlrpAd65yKsvqV1QLG2g_0,2021,8,-1.278491317362542,36.90876084228849,bNDlrpAd65yKsvqV1QLG2g,Google/b/N/,True,GSVI,waste
e5e2c6e7-oc0_scL7lsO-hn-pIPjLNg_0,2018,2,-1.200662357900046,36.91107144612802,oc0_scL7lsO-hn-pIPjLNg,Google/o/c/,True,GSVI,waste
lF8LmpATvSiLLQgxqN89kA_180,2022,2,-1.204283047268573,36.77491267005318,lF8LmpATvSiLLQgxqN89kA,Google/l/F/,True,GSVI,background
evulNq7WExSty8VvY170tQ_180,2021,7,-1.295379738154749,36.89310395516922,evulNq7WExSty8VvY170tQ,Google/e/v/,True,GSVI,background
sY55kaTPVh5zAqzJLDpMAA_180,2021,8,-1.375430436243215,36.92281811185075,sY55kaTPVh5zAqzJLDpMAA,Google/s/Y/,True,GSVI,background
Uq1dAkF4mohM3Y4Z1J-FOQ_180,2021,9,-1.199397664602092,36.91239962273684,Uq1dAkF4mohM3Y4Z1J-FOQ,Google/U/q/,True,GSVI,background
LTvfUmFZ8_59njtQNYkb9w_90,2021,8,-1.379580589726124,36.92381427155673,LTvfUmFZ8_59njtQNYkb9w,Google/L/T/,True,GSVI,background
90b0ada4-bh_i3eCIsuIFdXyAzpSTCA_90,2021,9,-1.216572181666448,36.92361609066508,bh_i3eCIsuIFdXyAzpSTCA,Google/b/h/,True,GSVI,waste
mBGtJX5Ffs-H3crd_b2niQ_270,2021,7,-1.253084224450951,36.76930721296837,mBGtJX5Ffs-H3crd_b2niQ,Google/m/B/,True,GSVI,background
a32e5579-3DdSxRz0XC2sm-eGGjH7zw_180,2021,8,-1.26938319518321,36.9222270867855,3DdSxRz0XC2sm-eGGjH7zw,Google/3/D/,True,GSVI,waste
6ee643fb-3cwWnDftX9XzN7XToEoDeQ_180,2021,7,-1.315635241889036,36.91327228952539,3cwWnDftX9XzN7XToEoDeQ,Google/3/c/,True,GSVI,waste
vEZveWR05sTJ0rIihiDTbA_270,2017,12,-1.257705485109385,36.79462025572732,vEZveWR05sTJ0rIihiDTbA,Google/v/E/,True,GSVI,background
IMG_0628,2023,2,-1.2989416666666664,36.778822222222225,,ZWL/,True,SC,background
e94925c2-NHTiDK3Tr13dUWI08QA4Nw_270,2018,5,-1.262367816128165,36.8039631695526,NHTiDK3Tr13dUWI08QA4Nw,Google/N/H/,True,GSVI,waste
7e56fa0f-IMG_7800,2023,2,-1.312913888888889,36.87211666666667,,ZWL/,True,SC,waste
e8fc268e-wOwNoKjzjdUkMcS-Qx73wA_90,2018,2,-1.204066572922946,36.90998256785472,wOwNoKjzjdUkMcS-Qx73wA,Google/w/O/,True,GSVI,waste
-qU8YANg-YEdkD89sRfcTA_0,2018,1,-1.229527395596064,36.83481614999766,-qU8YANg-YEdkD89sRfcTA,Google/-/q/,True,GSVI,background
lfMi9Qw6N0HGEFtUK9kn4g_90,2017,12,-1.285385272889363,36.77111691903889,lfMi9Qw6N0HGEFtUK9kn4g,Google/l/f/,True,GSVI,background
LcxiijEum8iJlZ_J65of5A_0,2021,9,-1.23134722431465,36.89422574433679,LcxiijEum8iJlZ_J65of5A,Google/L/c/,True,GSVI,background
a0e872f0-hmRszWtu6oKte-3xzWKRnA_0,2018,4,-1.354534348911606,36.65986629462478,hmRszWtu6oKte-3xzWKRnA,Google/h/m/,True,GSVI,waste
VN0xfgCBMOxKonCLlnt7Mg_180,2022,2,-1.404114661440047,36.77386986275802,VN0xfgCBMOxKonCLlnt7Mg,Google/V/N/,True,GSVI,background
th5ZYDbFNWwqsnjYzpe1xA_90,2017,12,-1.250731577428456,36.83421661487086,th5ZYDbFNWwqsnjYzpe1xA,Google/t/h/,True,GSVI,background
lsNEW8U7VxfSYCuQZ-gPzg_270,2018,2,-1.229030223701157,36.79809582349395,lsNEW8U7VxfSYCuQZ-gPzg,Google/l/s/,True,GSVI,background
93314eef-_yezwn_-YYGKutBVgmJO7g_180,2018,2,-1.251764581692565,36.88695284865585,_yezwn_-YYGKutBVgmJO7g,Google/_/y/,True,GSVI,waste
8c14b0af-6PQ31uXV8gq9py_uWwNFaQ_0,2021,8,-1.283225732272218,36.85866301615953,6PQ31uXV8gq9py_uWwNFaQ,Google/6/P/,True,GSVI,waste
F5I0WH87JsveDWrGorLgxA_180,2021,12,-1.166476535734764,36.93617712374773,F5I0WH87JsveDWrGorLgxA,Google/F/5/,True,GSVI,background
cfe787ee-wOwNoKjzjdUkMcS-Qx73wA_180,2018,2,-1.204066572922946,36.90998256785472,wOwNoKjzjdUkMcS-Qx73wA,Google/w/O/,True,GSVI,waste
1943eb9b-OcOFI7tiJTOK8IIc6Y-QcQ_0,2021,9,-1.200471545581365,36.88279869549376,OcOFI7tiJTOK8IIc6Y-QcQ,Google/O/c/,True,GSVI,waste
5ca758ee-IMG_7845,2023,2,-1.3128388888888889,36.870152777777776,,ZWL/,True,SC,waste
f241875c-IMG_7838,2023,2,-1.3126944444444444,36.870075,,ZWL/,True,SC,waste
9e59e5d6-IMG_7822,2023,2,-1.312125,36.87033888888889,,ZWL/,True,SC,waste
IMG_20230212_080934,2023,2,-1.306132793333333,36.73926162694445,,ZWL/,True,SC,background
e9e1aeed-VVs5F1uH7Md1flE5A3b86Q_0,2018,2,-1.26389593469122,36.93182915667722,VVs5F1uH7Md1flE5A3b86Q,Google/V/V/,True,GSVI,waste
W2uztQEOpGLkdWU5OOt8HA_0,2021,8,-1.285046653382698,36.94925120988617,W2uztQEOpGLkdWU5OOt8HA,Google/W/2/,True,GSVI,background
M136pUkewcaOCLUWSkrF8A_0,2021,7,-1.37472063555977,36.74517165680081,M136pUkewcaOCLUWSkrF8A,Google/M/1/,True,GSVI,background
ldYecjBeAVbojQJKdOJXBg_90,2021,10,-1.244030221081987,36.73476579593808,ldYecjBeAVbojQJKdOJXBg,Google/l/d/,True,GSVI,background
bacd749b-UprNCMZ9dU_-hWrIHax1WA_180,2021,7,-1.313481803069953,36.79047470219655,UprNCMZ9dU_-hWrIHax1WA,Google/U/p/,True,GSVI,waste
eecc0db5-C_c_ImtazJQHa954bKrzLg_270,2021,10,-1.278400752102869,37.03622729156082,C_c_ImtazJQHa954bKrzLg,Google/C/_/,True,GSVI,waste
aa2f082d-Jsc5E_KJo-kcdQRRZObNSA_0,2018,2,-1.25552782358479,36.8830288313489,Jsc5E_KJo-kcdQRRZObNSA,Google/J/s/,True,GSVI,waste
b177368d-WechatIMG1047,,,,,,,True,SC,waste
tHK2jwxwz3hRfFfDCp3loA_0,2021,9,-1.19943671380297,36.94664028601672,tHK2jwxwz3hRfFfDCp3loA,Google/t/H/,True,GSVI,background
VQ8v1flrllQlat_Al1QiqA_90,2022,2,-1.183957128602314,36.74819131265826,VQ8v1flrllQlat_Al1QiqA,Google/V/Q/,True,GSVI,background
WGMs5gV3B3F_MkjzlXggag_180,2021,9,-1.231173194590279,36.89467511169408,WGMs5gV3B3F_MkjzlXggag,Google/W/G/,True,GSVI,background
853d1a1d-aUu9_fVUbWSKDeTgkHyN1w_0,2017,12,-1.287841613862178,36.75487253451002,aUu9_fVUbWSKDeTgkHyN1w,Google/a/U/,True,GSVI,waste
lbw0o_i2J21UHca3aYVUdw_0,2018,2,-1.279653755470281,37.07754453904934,lbw0o_i2J21UHca3aYVUdw,Google/l/b/,True,GSVI,background
7ea8d9aa-IMG_7676,2023,2,-1.3154777777777775,36.86430555555555,,ZWL/,True,SC,waste
LgmF5PF-cw9aDaVInD-C1g_180,2018,2,-1.286196776464434,36.82548108169988,LgmF5PF-cw9aDaVInD-C1g,Google/L/g/,True,GSVI,background
IMG_8673,2023,2,-1.2953916666666665,36.68908055555555,,ZWL/,True,SC,background
LQDorMhON-am_Bt-AyC5rQ_270,2018,2,-1.250781571463233,36.99889693550794,LQDorMhON-am_Bt-AyC5rQ,Google/L/Q/,True,GSVI,background
_TdK4ESVAVD4f0L-1X6Ksg_90,2021,9,-1.336458354608654,36.70656015560543,_TdK4ESVAVD4f0L-1X6Ksg,Google/_/T/,True,GSVI,background
-NwDlVsOXWjkqI7fXQkwhQ_180,2018,1,-1.305779210577849,36.69954506549413,-NwDlVsOXWjkqI7fXQkwhQ,Google/-/N/,True,GSVI,background
kNrzyANBv_voo_Bs3TcFTw_90,2021,7,-1.267955092439096,36.83538586810768,kNrzyANBv_voo_Bs3TcFTw,Google/k/N/,True,GSVI,background
fda95895-TrQojiLtqCAq25KrODTwZA_0,2018,2,-1.243884336198264,36.91579383373565,TrQojiLtqCAq25KrODTwZA,Google/T/r/,True,GSVI,waste
ltNkJRSUKzi_kSj8iSwPcA_180,2018,2,-1.279850950322977,36.83940744192243,ltNkJRSUKzi_kSj8iSwPcA,Google/l/t/,True,GSVI,background
RJHF7o0sBwNNNbNLKdRn_Q_270,2021,7,-1.223379027345922,36.89922287300475,RJHF7o0sBwNNNbNLKdRn_Q,Google/R/J/,True,GSVI,background
LLGoFsWaLSYSXVuV-ncGMQ_90,2018,2,-1.213950246037855,36.90228538177536,LLGoFsWaLSYSXVuV-ncGMQ,Google/L/L/,True,GSVI,background
9e05f110-k6ERloSX9hkJGu0r_2jtww_0,2021,8,-1.284511187328684,36.8293876334192,k6ERloSX9hkJGu0r_2jtww,Google/k/6/,True,GSVI,waste
LGY3g366r7YDl7c8YxFA7A_180,2021,7,-1.291319805412309,36.7833108142925,LGY3g366r7YDl7c8YxFA7A,Google/L/G/,True,GSVI,background
ld4WFoYNtcAHyxgM6CPz8Q_0,2018,2,-1.241672687574572,36.84995246784442,ld4WFoYNtcAHyxgM6CPz8Q,Google/l/d/,True,GSVI,background
vexZLMgcVOKy9Z2kRfccLQ_270,2018,2,-1.284512648570177,37.07115902857045,vexZLMgcVOKy9Z2kRfccLQ,Google/v/e/,True,GSVI,background
VCb4EL34CnpFo2OTjtFoRQ_270,2021,7,-1.2023074938672,36.89716685138806,VCb4EL34CnpFo2OTjtFoRQ,Google/V/C/,True,GSVI,background
2f4b7bbe-_4V9qdPB2c9Uk5PXUt1ueQ_0,2018,2,-1.247097148516124,36.90472878204648,_4V9qdPB2c9Uk5PXUt1ueQ,Google/_/4/,True,GSVI,waste
W43kLHy8_wZB6rTwGaH8bA_180,2018,2,-1.268634952089535,36.97453815269418,W43kLHy8_wZB6rTwGaH8bA,Google/W/4/,True,GSVI,background
f4d2a96c-sUq08t1sGmFxFFB3w3xR6A_180,2017,12,-1.282754203438273,36.72724598547133,sUq08t1sGmFxFFB3w3xR6A,Google/s/U/,True,GSVI,waste
M7nhc6H8bxTr3q2GvBnw-w_90,2021,7,-1.303452321281109,36.83877994006963,M7nhc6H8bxTr3q2GvBnw-w,Google/M/7/,True,GSVI,background
3d16d98b-NdvrHy8DBH1JwZN8LkffaQ_90,2022,3,-1.466260357554557,36.93923407074251,NdvrHy8DBH1JwZN8LkffaQ,Google/N/d/,True,GSVI,waste
9ff6c51f-_-0iLPt1UwTWpIK9mR0trg_90,2018,2,-1.28214631337076,36.83982651262329,_-0iLPt1UwTWpIK9mR0trg,Google/_/-/,True,GSVI,waste
d0bdd8af-hFvKklWqAfcHdFwk4EkODQ_0,2022,4,-1.328984113364429,36.85700118721753,hFvKklWqAfcHdFwk4EkODQ,Google/h/F/,True,GSVI,waste
64ac53ba-IMG_7842,2023,2,-1.312827777777778,36.87006944444445,,ZWL/,True,SC,waste
d679d305-ITmST8OojCMluI1zfN0VAQ_0,2017,12,-1.321008392854654,36.77805448313187,ITmST8OojCMluI1zfN0VAQ,Google/I/T/,True,GSVI,waste
f48742ae-2m5RC3-OprJh79inaaHaDg_180,2018,2,-1.276766359970758,36.91989353710782,2m5RC3-OprJh79inaaHaDg,Google/2/m/,True,GSVI,waste
3985cde6-8jnDIJXbLK6chknV7jW3qQ_180,2018,2,-1.268441195461273,36.84137688104905,8jnDIJXbLK6chknV7jW3qQ,Google/8/j/,True,GSVI,waste
vDm-SrwlFI-jvnrt25ezJg_180,2021,9,-1.260227995986568,36.78946851909436,vDm-SrwlFI-jvnrt25ezJg,Google/v/D/,True,GSVI,background
ae2b181d-RzMRW69TAAGLKvSeUwYIgQ_0,2018,1,-1.275761031583507,36.87694418771709,RzMRW69TAAGLKvSeUwYIgQ,Google/R/z/,True,GSVI,waste
818037b6-IMG_6433,2023,2,-1.3181444444444443,36.79146111111111,,ZWL/,True,SC,waste
ac894606-QiXIShhPl07HdeataekgkA_0,2018,2,-1.275511944197278,36.83237313701477,QiXIShhPl07HdeataekgkA,Google/Q/i/,True,GSVI,waste
IMG_20230212_080738,2023,2,-1.3015580175,36.75379180888889,,ZWL/,True,SC,background
IMG_8458,2023,2,-1.2812083333333333,37.05772777777778,,ZWL/,True,SC,background
60d29b87-_8ZK84hy8ACLnppcs1haHQ_0,2018,3,-1.315282648040831,36.79975174912815,_8ZK84hy8ACLnppcs1haHQ,Google/_/8/,True,GSVI,waste
VOXSxIsbyeSwLxxtRJXPYg_90,2022,2,-1.187913041205814,36.77404132242661,VOXSxIsbyeSwLxxtRJXPYg,Google/V/O/,True,GSVI,background
540b9edc-EEC3-as0SSZWN8Iq0w6k0g_0,2018,4,-1.310370261620738,36.88775482857886,EEC3-as0SSZWN8Iq0w6k0g,Google/E/E/,True,GSVI,waste
87c7439c-DGhZPbvupjcLlPYJkF3KOQ_180,2021,8,-1.306056147790452,36.84087216698781,DGhZPbvupjcLlPYJkF3KOQ,Google/D/G/,True,GSVI,waste
T3tsFUvTAflQy_kf6UhOxA_180,2021,8,-1.201463523283531,36.78149737906801,T3tsFUvTAflQy_kf6UhOxA,Google/T/3/,True,GSVI,background
1Zvo_3961hLXseSfzxowHg_90,2021,8,-1.321631289025436,36.85792016084459,1Zvo_3961hLXseSfzxowHg,Google/1/Z/,True,GSVI,background
109c468f-4vB82o0yLJYVU2-bHcm-zw_90,2018,2,-1.279561237199414,36.83325652723499,4vB82o0yLJYVU2-bHcm-zw,Google/4/v/,True,GSVI,waste
58ab7e09-La_7ztckWNGS9JvNC_ei5A_180,2021,9,-1.134774533629656,36.97386991752883,La_7ztckWNGS9JvNC_ei5A,Google/L/a/,True,GSVI,waste
TEzA8_FBpjqjZCga17Kh-A_0,2017,12,-1.264043299879558,36.73348195367782,TEzA8_FBpjqjZCga17Kh-A,Google/T/E/,True,GSVI,background
IMG_6360,2023,2,-1.271772222222222,36.76784166666667,,ZWL/,True,SC,background
1bf526e8-7m-i2Nwrdle6u_uQRBzCtA_0,2018,4,-1.363499213841835,36.65975812389095,7m-i2Nwrdle6u_uQRBzCtA,Google/7/m/,True,GSVI,waste
LdW7WWhjSsS3I-Iu8EQ1BQ_90,2022,3,-1.486285218033796,36.95494588230961,LdW7WWhjSsS3I-Iu8EQ1BQ,Google/L/d/,True,GSVI,background
MCouwGlFsiEj7_yw2scMiw_180,2021,7,-1.231686471854145,36.73597798714137,MCouwGlFsiEj7_yw2scMiw,Google/M/C/,True,GSVI,background
01G-fUa2rdhewkFyMGVk3w_90,2021,8,-1.277192602352467,36.76697136419541,01G-fUa2rdhewkFyMGVk3w,Google/0/1/,True,GSVI,background
1fda7b70-JYxwkH4hM466tstku6tofQ_180,2021,10,-1.278356020086621,37.03574939065006,JYxwkH4hM466tstku6tofQ,Google/J/Y/,True,GSVI,waste
0GJXVSrapKyOBDP7AlD95w_270,2021,7,-1.236501061330595,36.76436843694826,0GJXVSrapKyOBDP7AlD95w,Google/0/G/,True,GSVI,background
bea8f892-63eel4uRjiLt6Apie_SSpQ_90,2018,2,-1.282674710510785,36.84001449006494,63eel4uRjiLt6Apie_SSpQ,Google/6/3/,True,GSVI,waste
IMG_20230212_080617,2023,2,-1.2992503641666666,36.762954711666666,,ZWL/,True,SC,background
1e33aa5b-ZRC8QJNifklQbHfMwtgdsQ_0,2018,1,-1.300090386754089,36.75184443530857,ZRC8QJNifklQbHfMwtgdsQ,Google/Z/R/,True,GSVI,waste
hwrs_okCBl_r5j4VNeWIGQ_0,2021,9,-1.477767583070245,36.96594604489899,hwrs_okCBl_r5j4VNeWIGQ,Google/h/w/,True,GSVI,background
Vg9y-K-VWIMnewiSKfIq7g_180,2021,11,-1.151367073323135,36.82434945560095,Vg9y-K-VWIMnewiSKfIq7g,Google/V/g/,True,GSVI,background
6c6cd504-IMG_7829,2023,2,-1.3121222222222222,36.87036111111111,,ZWL/,True,SC,waste
9ef4fafa-ofPuTBgXBeXcsTIIJbtMeA_90,2021,7,-1.304587987326914,36.74795639830023,ofPuTBgXBeXcsTIIJbtMeA,Google/o/f/,True,GSVI,waste
5bd2242d-jJbdRTYrJm9NeR-oSwjBeA_0,2021,9,-1.213952640640635,36.92300645138378,jJbdRTYrJm9NeR-oSwjBeA,Google/j/J/,True,GSVI,waste
e08b328f-bYQDcYpTnQMIrPimuLbjUA_90,2022,3,-1.465403085879714,36.93880359301037,bYQDcYpTnQMIrPimuLbjUA,Google/b/Y/,True,GSVI,waste
97bc3e2e-rO9Qsn0PdDJFkoYdVkXqqQ_180,2018,2,-1.279264242466653,37.04759426463063,rO9Qsn0PdDJFkoYdVkXqqQ,Google/r/O/,True,GSVI,waste
tG49dXpqA2avQN7NMKc0Eg_0,2021,9,-1.301642638393506,36.80500185548244,tG49dXpqA2avQN7NMKc0Eg,Google/t/G/,True,GSVI,background
9cda7c5f-akUzXwa9xI0-bNzIpsxuEw_90,2018,4,-1.323659692617609,36.89490586683608,akUzXwa9xI0-bNzIpsxuEw,Google/a/k/,True,GSVI,waste
IMG_6215,2023,2,-1.2931444444444444,36.80376944444444,,ZWL/,True,SC,background
c7cf4e0e-blZgM1RtAD01n9sPzje0nA_180,2021,7,-1.320731683722408,36.77814809848595,blZgM1RtAD01n9sPzje0nA,Google/b/l/,True,GSVI,waste
5c224be2-BrRgJVsZnD6wBzIWmdivUA_0,2018,1,-1.276968502139305,36.87514175349207,BrRgJVsZnD6wBzIWmdivUA,Google/B/r/,True,GSVI,waste
d985e7c4-WiCKFCrNE17UI55ouyaBig_0,2021,9,-1.209578069758675,36.92608141954365,WiCKFCrNE17UI55ouyaBig,Google/W/i/,True,GSVI,waste
6b3dce77-vEJfqKiDU4Ruu_6JFSpNNg_180,2018,1,-1.289754093793465,36.83943322843057,vEJfqKiDU4Ruu_6JFSpNNg,Google/v/E/,True,GSVI,waste
d3988f0b-CdiFC_4omCIQRyz43qnhFw_90,2021,8,-1.307704644557747,36.87800597718932,CdiFC_4omCIQRyz43qnhFw,Google/C/d/,True,GSVI,waste
vg3IkV9orlocxa8d3ZRLFA_270,2018,2,-1.296457920048124,36.81102400711132,vg3IkV9orlocxa8d3ZRLFA,Google/v/g/,True,GSVI,background
386ca0df-VusOg-Qr2k4cZgPJtInivg_0,2021,8,-1.31670503694599,36.89025673302211,VusOg-Qr2k4cZgPJtInivg,Google/V/u/,True,GSVI,waste
8a1fc62c-8vBuWqe7yKjASdBpwkx_xg_90,2018,2,-1.242669466199547,36.89459067088659,8vBuWqe7yKjASdBpwkx_xg,Google/8/v/,True,GSVI,waste
b8c2f5ce-_e7aWa_dxhM7AgyIBEB-sA_90,2018,2,-1.264347596519707,36.88192500983988,_e7aWa_dxhM7AgyIBEB-sA,Google/_/e/,True,GSVI,waste
4ae2b2d9-MuRqcV-hbHK49QKhDOXDaA_0,2018,4,-1.31430944054548,36.88826627907098,MuRqcV-hbHK49QKhDOXDaA,Google/M/u/,True,GSVI,waste
7e670464-IkQ7gZ8u71Hp6cnHS_ii0w_0,2021,7,-1.311315553655917,36.79156781373715,IkQ7gZ8u71Hp6cnHS_ii0w,Google/I/k/,True,GSVI,waste
f8a92ca2-IMG_7805,2023,2,-1.312775,36.87210833333334,,ZWL/,True,SC,waste
vj87VCgHJZORwbryyfaiaw_270,2018,2,-1.266456680720611,36.99532752281806,vj87VCgHJZORwbryyfaiaw,Google/v/j/,True,GSVI,background
0b8d6dde-OYdjr82dKu8ggz936ZmBOA_0,2018,2,-1.248257194413404,36.89148812193178,OYdjr82dKu8ggz936ZmBOA,Google/O/Y/,True,GSVI,waste
221bbaa3-8FdGAAjBhifo_dHitHE8yw_0,2021,8,-1.255286493475714,36.86858337330774,8FdGAAjBhifo_dHitHE8yw,Google/8/F/,True,GSVI,waste
a8827972-OVeuOPmBSndJ3cSLsfWjTg_0,2018,2,-1.263689958761809,36.84708033674953,OVeuOPmBSndJ3cSLsfWjTg,Google/O/V/,True,GSVI,waste
47c0720c-jjQSwQVEW9OEXn23cXujCA_0,2018,2,-1.255895739408358,36.88271711363744,jjQSwQVEW9OEXn23cXujCA,Google/j/j/,True,GSVI,waste
IMG_8416,2023,2,-1.2777444444444443,37.02955277777777,,ZWL/,True,SC,background
6a6fc12a-VHHGe1fVIhbGSUqLtdZKzg_0,2021,9,-1.207352648033383,36.92390532302845,VHHGe1fVIhbGSUqLtdZKzg,Google/V/H/,True,GSVI,waste
98e0cb85-jpqER3W528uqy_hHcu21LQ_0,2018,2,-1.184753691528367,36.90526243170056,jpqER3W528uqy_hHcu21LQ,Google/j/p/,True,GSVI,waste
lMi96_GbUE6IB0heRn4pJA_0,2017,12,-1.35625242188263,36.71280139665841,lMi96_GbUE6IB0heRn4pJA,Google/l/M/,True,GSVI,background
vrjM31-s5TcLMikG0W68dA_90,2021,9,-1.471937733724871,36.96295596559016,vrjM31-s5TcLMikG0W68dA,Google/v/r/,True,GSVI,background
7d79bb8f-ddoM9PbkXPER7PnVG6wHTg_90,2017,12,-1.282855212816446,36.72722353198051,ddoM9PbkXPER7PnVG6wHTg,Google/d/d/,True,GSVI,waste
69cac7e7-SCyz-0EufsJJw9A1mZ5MAQ_0,2021,9,-1.231889287331304,36.92567670280176,SCyz-0EufsJJw9A1mZ5MAQ,Google/S/C/,True,GSVI,waste
b568378a-GBkzCiZ0yFg0M0z__Om7GQ_0,2018,2,-1.304104954513823,36.89927128597446,GBkzCiZ0yFg0M0z__Om7GQ,Google/G/B/,True,GSVI,waste
4675e659-bYQDcYpTnQMIrPimuLbjUA_0,2022,3,-1.465403085879714,36.93880359301037,bYQDcYpTnQMIrPimuLbjUA,Google/b/Y/,True,GSVI,waste
LAYRoeuR9f9kn877FaPXzQ_180,2021,8,-1.276651030701385,36.66467248974102,LAYRoeuR9f9kn877FaPXzQ,Google/L/A/,True,GSVI,background
_JB-dpmouG2P2IjcxZDxRg_0,2021,8,-1.246575674425157,36.72181780055205,_JB-dpmouG2P2IjcxZDxRg,Google/_/J/,True,GSVI,background
305fe83b-1qC6c0pJ30cidY3bTiyASA_90,2018,1,-1.307234067264429,36.83079982863971,1qC6c0pJ30cidY3bTiyASA,Google/1/q/,True,GSVI,waste
tcwZ8gUyDiGYURVgCNS8sQ_270,2021,8,-1.295813938063539,36.82796210523152,tcwZ8gUyDiGYURVgCNS8sQ,Google/t/c/,True,GSVI,background
d1bf48fe-4lP5ksk9oK0ocL4vG8CDfA_180,2021,7,-1.253780703145188,36.81501544541931,4lP5ksk9oK0ocL4vG8CDfA,Google/4/l/,True,GSVI,waste
aPhR-6ovm0izebQYlb8ZGw_270,2021,8,-1.265803173542904,36.79092889356463,aPhR-6ovm0izebQYlb8ZGw,Google/a/P/,True,GSVI,background
bfac645e-59VrNH63HpuTZcnCSKCbQw_0,2021,9,-1.328695505136833,36.83652824765383,59VrNH63HpuTZcnCSKCbQw,Google/5/9/,True,GSVI,waste
264fdd5c-RqtiHke_io0dOFeAjD_Jvg_270,2021,8,-1.281273369258909,36.74318427729919,RqtiHke_io0dOFeAjD_Jvg,Google/R/q/,True,GSVI,waste
e494c97e-WgIAei8DvwEtkGe3OZ0-sQ_90,2017,12,-1.268089897387747,36.75710377724837,WgIAei8DvwEtkGe3OZ0-sQ,Google/W/g/,True,GSVI,waste
0b8W24dbeCq7nG4OXUnZ9Q_270,2021,11,-1.164652734819697,36.78295741775719,0b8W24dbeCq7nG4OXUnZ9Q,Google/0/b/,True,GSVI,background
IMG_7492,2023,2,-1.2490444444444444,36.81903611111112,,ZWL/,True,SC,background
e46a1e51-WechatIMG1046,,,,,,,True,SC,waste
lGWiKuXljnMq_cI1Mnf8FQ_90,2018,5,-1.157699233729955,36.96096051641599,lGWiKuXljnMq_cI1Mnf8FQ,Google/l/G/,True,GSVI,background
liougnFv6wVYMgtrBi-DcQ_270,2021,8,-1.199482640022754,36.85207401876359,liougnFv6wVYMgtrBi-DcQ,Google/l/i/,True,GSVI,background
VltvO2TQIPZUALP-kozYEQ_90,2017,12,-1.254102138010923,36.79108716549395,VltvO2TQIPZUALP-kozYEQ,Google/V/l/,True,GSVI,background
ecd129b3-M7ThRwFffipF3s5pqsnu-A_0,2021,12,-1.157967935282692,36.94880430898587,M7ThRwFffipF3s5pqsnu-A,Google/M/7/,True,GSVI,waste
IMG_20230212_081046,2023,2,-1.3103799819444444,36.72858047472222,,ZWL/,True,SC,background
wgVxIAp22W09GhE8Mf1JNg_90,2021,7,-1.303804217974094,36.77874907500735,wgVxIAp22W09GhE8Mf1JNg,Google/w/g/,True,GSVI,background
0c41f435-RydbYBlt9SGhVp8sSfYVLw_0,2021,8,-1.279080216354451,36.82610664327033,RydbYBlt9SGhVp8sSfYVLw,Google/R/y/,True,GSVI,waste
hr9xCHkSW1M8_M1HwtM8mA_0,2018,2,-1.269415371365995,36.99667916403568,hr9xCHkSW1M8_M1HwtM8mA,Google/h/r/,True,GSVI,background
T9Ou20q8VkGtG5eypEzV8Q_180,2018,5,-1.195650348099133,36.79867798586785,T9Ou20q8VkGtG5eypEzV8Q,Google/T/9/,True,GSVI,background
4f0a90f2-i7ZTpI3O_yF-ahbP2mEmyw_0,2021,7,-1.325382386263806,36.8363819813541,i7ZTpI3O_yF-ahbP2mEmyw,Google/i/7/,True,GSVI,waste
1a8c1ebe-ptl6LtpB4Y5sxFWm3S2ahw_0,2018,2,-1.279921757359227,36.75146540033779,ptl6LtpB4Y5sxFWm3S2ahw,Google/p/t/,True,GSVI,waste
IMG_8561,2023,2,-1.280161111111111,36.81793611111112,,ZWL/,True,SC,background
TCCJ5AF4wEytdCG9Z2GrKw_0,2018,1,-1.314379794392158,36.70585180673391,TCCJ5AF4wEytdCG9Z2GrKw,Google/T/C/,True,GSVI,background
vRkygqTdOFhiEGWl2RGNLw_270,2021,8,-1.261433004079654,36.72144963425043,vRkygqTdOFhiEGWl2RGNLw,Google/v/R/,True,GSVI,background
WF_EwcraSbIfbf8D660j7w_90,2021,7,-1.282455099106841,36.87435022474371,WF_EwcraSbIfbf8D660j7w,Google/W/F/,True,GSVI,background
_nh6_hzjYIeWqtfaqGHTyA_180,2021,11,-1.228455582496245,36.66725717850676,_nh6_hzjYIeWqtfaqGHTyA,Google/_/n/,True,GSVI,background
0bxmx5h0M4yj6DSBJOjFrA_90,2021,10,-1.267177529505973,37.03782133662171,0bxmx5h0M4yj6DSBJOjFrA,Google/0/b/,True,GSVI,background
baf8ddab-WigCp3YvAwLvPhRz7jIqLg_0,2017,12,-1.321570310168569,36.77787752595396,WigCp3YvAwLvPhRz7jIqLg,Google/W/i/,True,GSVI,waste
IMG_6982,2023,2,-1.352561111111111,36.75839166666667,,ZWL/,True,SC,background
wd4oByDcuwxcySAzg-cHqw_90,2018,2,-1.237384887288127,36.79346901030079,wd4oByDcuwxcySAzg-cHqw,Google/w/d/,True,GSVI,background
VjPPP0ea-DJPLkCapDtcXg_270,2021,7,-1.264419059175317,36.79934740530508,VjPPP0ea-DJPLkCapDtcXg,Google/V/j/,True,GSVI,background
bdc94c76-WgIAei8DvwEtkGe3OZ0-sQ_180,2017,12,-1.268089897387747,36.75710377724837,WgIAei8DvwEtkGe3OZ0-sQ,Google/W/g/,True,GSVI,waste
4253e30e-r7qhxZ-TO5x6qTGE2oD12w_0,2018,2,-1.246859394663021,36.90502588360117,r7qhxZ-TO5x6qTGE2oD12w,Google/r/7/,True,GSVI,waste
8852bbea-5LutHKqA_X8m6jpkgPRhSg_90,2021,9,-1.328647104691862,36.83642476899904,5LutHKqA_X8m6jpkgPRhSg,Google/5/L/,True,GSVI,waste
38e6081b-RYDyxO2xSAl3MJi0d-uruQ_0,2021,9,-1.238798118819811,36.93005661329618,RYDyxO2xSAl3MJi0d-uruQ,Google/R/Y/,True,GSVI,waste
a78a0cab-ngU7qamvKbwrhdo9JGhMMQ_0,2021,8,-1.285816554456988,36.83286501485703,ngU7qamvKbwrhdo9JGhMMQ,Google/n/g/,True,GSVI,waste
t-97jg7laFtrP4d6aSMEFg_90,2018,2,-1.261823183881084,36.98815981650112,t-97jg7laFtrP4d6aSMEFg,Google/t/-/,True,GSVI,background
44c2da02-IMG_6653,,,,,,,True,SC,waste
c2ef5e5d-kHQLvwPmCDKmiMtCf6A0og_0,2021,8,-1.251433925769764,36.95373900956469,kHQLvwPmCDKmiMtCf6A0og,Google/k/H/,True,GSVI,waste
00862226-BmZbbxe2C7UTIjONgX6e4Q_180,2018,2,-1.253618862686794,36.91706089009782,BmZbbxe2C7UTIjONgX6e4Q,Google/B/m/,True,GSVI,waste
-iUberVTsT9M1KW-T5JZAg_0,2021,7,-1.35069872157883,36.7386159560188,-iUberVTsT9M1KW-T5JZAg,Google/-/i/,True,GSVI,background
c909af91-1IOohD9ys28ItaRapIZ_HA_90,2018,5,-1.261894937500659,36.8034812051204,1IOohD9ys28ItaRapIZ_HA,Google/1/I/,True,GSVI,waste
7f6089df-1qC6c0pJ30cidY3bTiyASA_0,2018,1,-1.307234067264429,36.83079982863971,1qC6c0pJ30cidY3bTiyASA,Google/1/q/,True,GSVI,waste
9f4a2dab-IMG_7823,2023,2,-1.3121027777777778,36.87036111111111,,ZWL/,True,SC,waste
n-LrSg6CQuE99nN_U1qIEA_270,2021,8,-1.275403758139965,36.8297747290525,n-LrSg6CQuE99nN_U1qIEA,Google/n/-/,True,GSVI,background
TGvplA889u9jJabli-UQaA_0,2021,9,-1.307986237781911,36.8578268928926,TGvplA889u9jJabli-UQaA,Google/T/G/,True,GSVI,background
IMG_20230212_081309,2023,2,-1.3051530122222224,36.71574783305556,,ZWL/,True,SC,background
b27fa5af-XYsNa_YkoXdwn_fZA_z0Cg_270,2021,7,-1.308855518709526,36.77189196540613,XYsNa_YkoXdwn_fZA_z0Cg,Google/X/Y/,True,GSVI,waste
b4b9dd0b-IMG_7630,2023,2,-1.3120805555555557,36.850947222222224,,ZWL/,True,SC,waste
88dae2e8-chVuQ6lSHkGDgEhI4_rR9w_0,2021,9,-1.212666260357976,36.92363241435977,chVuQ6lSHkGDgEhI4_rR9w,Google/c/h/,True,GSVI,waste
01a4f70c-9esSpTWSpuQhsov4gExI0w_90,2021,9,-1.205457900776212,36.92984754040795,9esSpTWSpuQhsov4gExI0w,Google/9/e/,True,GSVI,waste
d34d770c-a8oFFD7h3UAShmTSqt1OJA_0,2018,1,-1.282734337650105,36.89157412553094,a8oFFD7h3UAShmTSqt1OJA,Google/a/8/,True,GSVI,waste
T-HWB6erXMPjOZcpUp_w2g_270,2021,9,-1.304182972050832,36.80782049716313,T-HWB6erXMPjOZcpUp_w2g,Google/T/-/,True,GSVI,background
l4hnGbDNsBBedKdewiYz3A_0,2018,4,-1.369335613662172,36.92922318894565,l4hnGbDNsBBedKdewiYz3A,Google/l/4/,True,GSVI,background
TArmk3Ix8IY7GERS6TQtfQ_0,2017,12,-1.26169613905562,36.74102818705115,TArmk3Ix8IY7GERS6TQtfQ,Google/T/A/,True,GSVI,background
53577879-INld2M7ppIqGgBHQVaWIKA_0,2022,3,-1.478696615911164,36.95486880834957,INld2M7ppIqGgBHQVaWIKA,Google/I/N/,True,GSVI,waste
aaeaac5c-Ar8Ufvfa0IForls5XqFJTQ_270,2021,8,-1.312164588289721,36.85710118865617,Ar8Ufvfa0IForls5XqFJTQ,Google/A/r/,True,GSVI,waste
-teVwd-3qmFJGNzoCrGjYw_90,2021,9,-1.197065779454798,36.93880146070821,-teVwd-3qmFJGNzoCrGjYw,Google/-/t/,True,GSVI,background
b96b40ac-qoNSE67btZxKRfCKxge-XA_90,2021,8,-1.283738563435294,36.84037689345212,qoNSE67btZxKRfCKxge-XA,Google/q/o/,True,GSVI,waste
2RQ9Ngy6ke9hMeDqrvJGGw_270,2021,9,-1.444537845596672,36.98895331269789,2RQ9Ngy6ke9hMeDqrvJGGw,Google/2/R/,True,GSVI,background
vIa-BVrsp7XcVVeE8M1TYw_90,2018,1,-1.328378322850887,36.70432237542913,vIa-BVrsp7XcVVeE8M1TYw,Google/v/I/,True,GSVI,background
Vdtm7own8flqiKwwqv_r2w_270,2021,7,-1.232118823127697,36.80316060583198,Vdtm7own8flqiKwwqv_r2w,Google/V/d/,True,GSVI,background
6563b4dd-KJ0Wi7mkbzLSoiztDo4z8A_180,2018,2,-1.267595325439727,36.84369338063878,KJ0Wi7mkbzLSoiztDo4z8A,Google/K/J/,True,GSVI,waste
1661a9d0-cKJWbIr5yuMGwPS59dv2VQ_270,2018,1,-1.270251127768585,36.87658582210138,cKJWbIr5yuMGwPS59dv2VQ,Google/c/K/,True,GSVI,waste
532bf7a1-ze_hgeTrQnydzA4HcHqcsA_90,2021,7,-1.228745226500436,36.91968902907342,ze_hgeTrQnydzA4HcHqcsA,Google/z/e/,True,GSVI,waste
b511b567-IMG_7801,2023,2,-1.31275,36.87213611111111,,ZWL/,True,SC,waste
f4356b71-7pfEuOeNNlQ3DszX3yS2OA_90,2018,4,-1.314274679585467,36.88824723925767,7pfEuOeNNlQ3DszX3yS2OA,Google/7/p/,True,GSVI,waste
c8509d83-9QWK7iuMIoikABFsAX4hwQ_270,2018,2,-1.253584416703991,36.91195077409436,9QWK7iuMIoikABFsAX4hwQ,Google/9/Q/,True,GSVI,waste
VKglRGMM4Cgm6B-ii-7EJA_180,2021,8,-1.211016370977402,36.85576667551194,VKglRGMM4Cgm6B-ii-7EJA,Google/V/K/,True,GSVI,background
f59c5ff6-hAVJgsRniOdwa3q8tvNwGw_0,2021,7,-1.286985531511404,36.94652056177121,hAVJgsRniOdwa3q8tvNwGw,Google/h/A/,True,GSVI,waste
d263af31-sHH-8qLh9Wr8msuWkPGLpg_180,2018,2,-1.245992098985071,36.90438105436893,sHH-8qLh9Wr8msuWkPGLpg,Google/s/H/,True,GSVI,waste
27ea1247-Rw8z0LFKQIoN_2-ncDHndw_0,2022,3,-1.486260542790053,36.95804746783865,Rw8z0LFKQIoN_2-ncDHndw,Google/R/w/,True,GSVI,waste
vVa8Vgs7bo5Wr02v-IMKQQ_0,2021,8,-1.239496974802891,36.73790700800923,vVa8Vgs7bo5Wr02v-IMKQQ,Google/v/V/,True,GSVI,background
nK3p7PG6bVlCUaHae7L_Yw_180,2021,9,-1.181947036841676,36.90463434271987,nK3p7PG6bVlCUaHae7L_Yw,Google/n/K/,True,GSVI,background
e213580a-NHTiDK3Tr13dUWI08QA4Nw_0,2018,5,-1.262367816128165,36.8039631695526,NHTiDK3Tr13dUWI08QA4Nw,Google/N/H/,True,GSVI,waste
ebefb693-BLS90b_yaEt6skaU7S1kKg_90,2018,2,-1.174711050089188,36.91368371996959,BLS90b_yaEt6skaU7S1kKg,Google/B/L/,True,GSVI,waste
a7cfc6d8-_V_aaNzO0vku5y8wnvtMrQ_0,2018,4,-1.31095211811035,36.88871182570741,_V_aaNzO0vku5y8wnvtMrQ,Google/_/V/,True,GSVI,waste
uzv1Fc9sZ4mEkyg3w5lCpQ_0,2021,9,-1.44766553616646,36.98297393183746,uzv1Fc9sZ4mEkyg3w5lCpQ,Google/u/z/,True,GSVI,background
MDN0xuLm1NUYhNcwbS0BCQ_270,2022,2,-1.172558905082551,36.77540673875381,MDN0xuLm1NUYhNcwbS0BCQ,Google/M/D/,True,GSVI,background
W_aZlffVTsppxde9uoB2Ww_270,2021,9,-1.223047533013417,36.76466709099459,W_aZlffVTsppxde9uoB2Ww,Google/W/_/,True,GSVI,background
8de49478-K6pUSUKBHDfuwTEUUF69TA_180,2021,7,-1.333394913653026,36.87116514449721,K6pUSUKBHDfuwTEUUF69TA,Google/K/6/,True,GSVI,waste
IMG_6167,2023,2,-1.3389555555555557,36.92133055555555,,ZWL/,True,SC,background
vLJfQvtYcQFmfCtiaKdDjw_0,2018,2,-1.2405806034245,36.88473119053257,vLJfQvtYcQFmfCtiaKdDjw,Google/v/L/,True,GSVI,background
5690badc-q-9a48yB_AUne1S-cGasBg_0,2018,4,-1.303241196539616,36.89014069171007,q-9a48yB_AUne1S-cGasBg,Google/q/-/,True,GSVI,waste
116b2f61-7W4d0KSjFKKVXbf5yCGmNA_180,2018,1,-1.282380334381559,36.89242882185692,7W4d0KSjFKKVXbf5yCGmNA,Google/7/W/,True,GSVI,waste
bd5624ea-6FYc3liagOHbwAMFfN2d7w_270,2021,7,-1.334835829398418,36.74606373598873,6FYc3liagOHbwAMFfN2d7w,Google/6/F/,True,GSVI,waste
Ldqoodm8-QdNYxIja6zsVw_90,2021,10,-1.269960313661266,36.67144945205015,Ldqoodm8-QdNYxIja6zsVw,Google/L/d/,True,GSVI,background
-BIEqrldnlL_HDs6SdQlJQ_180,2021,7,-1.236339143409652,36.87614709681554,-BIEqrldnlL_HDs6SdQlJQ,Google/-/B/,True,GSVI,background
44a5fde9-ddoM9PbkXPER7PnVG6wHTg_180,2017,12,-1.282855212816446,36.72722353198051,ddoM9PbkXPER7PnVG6wHTg,Google/d/d/,True,GSVI,waste
SUL6MTTGO981zXaOCj_tsA_180,2018,2,-1.195398339397224,36.7722192760083,SUL6MTTGO981zXaOCj_tsA,Google/S/U/,True,GSVI,background
WkG96a7902-7xKWcGeSdgg_90,2018,1,-1.30694962813392,36.68050452493306,WkG96a7902-7xKWcGeSdgg,Google/W/k/,True,GSVI,background
11cc4758-INqE5HKfn3iO75Donxlczg_0,2018,2,-1.265011114229715,36.88665288359255,INqE5HKfn3iO75Donxlczg,Google/I/N/,True,GSVI,waste
-VQNk3oviGlwQDx5Z3FJsQ_90,2021,8,-1.258395775607971,36.98125836329689,-VQNk3oviGlwQDx5Z3FJsQ,Google/-/V/,True,GSVI,background
mJl75NxfZHAGnh5SMKPyiQ_90,2017,12,-1.238385420802784,36.6732435170711,mJl75NxfZHAGnh5SMKPyiQ,Google/m/J/,True,GSVI,background
viFBprcJt8QXgsAysYqZ_w_180,2021,11,-1.160853853402166,36.79852679664474,viFBprcJt8QXgsAysYqZ_w,Google/v/i/,True,GSVI,background
22db7862-GPm56wMHlQnPhemGk7oS8w_90,2018,1,-1.282459802078846,36.89224171683843,GPm56wMHlQnPhemGk7oS8w,Google/G/P/,True,GSVI,waste
wL3CbbT5j_clBkWSgTIlcA_0,2022,2,-1.398142206800102,36.77454928785859,wL3CbbT5j_clBkWSgTIlcA,Google/w/L/,True,GSVI,background
Vhf16Jy4y4qbwrnGe86CVw_0,2021,7,-1.360353022257313,36.7212126611868,Vhf16Jy4y4qbwrnGe86CVw,Google/V/h/,True,GSVI,background
7cb9c888-r_CwmiAj5ky_CTnTADxYPQ_270,2021,9,-1.213230211917516,36.9046284351298,r_CwmiAj5ky_CTnTADxYPQ,Google/r/_/,True,GSVI,waste
AvPQt0fgoMNqA0UzG2lCgQ_0,2021,8,-1.266672888358107,36.83972624136729,AvPQt0fgoMNqA0UzG2lCgQ,Google/A/v/,True,GSVI,background
aa714eb6-Kn8YO2V_8Id91RgdKScMdA_270,2021,9,-1.209682208476555,36.93173540840694,Kn8YO2V_8Id91RgdKScMdA,Google/K/n/,True,GSVI,waste
IMG_7873,2023,2,-1.3132222222222223,36.871697222222224,,ZWL/,True,SC,background
ce2fc7a8-_O2bIMjDRArI4PFJcCtdLQ_90,2022,3,-1.476444872431595,36.95655629952672,_O2bIMjDRArI4PFJcCtdLQ,Google/_/O/,True,GSVI,waste
56cc6fec-SyUcyyPi8eg8VPkmoxjarg_180,2017,12,-1.282951354741868,36.7272083162411,SyUcyyPi8eg8VPkmoxjarg,Google/S/y/,True,GSVI,waste
d8bc5f43-GvJgarM6FSBPSZtDvnicJw_0,2018,2,-1.248497966564484,36.89150166258146,GvJgarM6FSBPSZtDvnicJw,Google/G/v/,True,GSVI,waste
w0Rd9DOc-fNsgLgtgIgTIg_90,2018,1,-1.303459570750248,36.69823296908699,w0Rd9DOc-fNsgLgtgIgTIg,Google/w/0/,True,GSVI,background
W_zfVroWkkVrX1GLiHK1Bw_180,2021,8,-1.252642077164452,36.87894135044891,W_zfVroWkkVrX1GLiHK1Bw,Google/W/_/,True,GSVI,background
1eb819e6-_i90eqh8lh8P2lfgl3acgQ_180,2021,7,-1.232165565691889,36.92661032042083,_i90eqh8lh8P2lfgl3acgQ,Google/_/i/,True,GSVI,waste
lwo4_ImJb4eLL78hjdM5mQ_180,2018,4,-1.363597299945903,36.67943627778849,lwo4_ImJb4eLL78hjdM5mQ,Google/l/w/,True,GSVI,background
mD5ThhjkBFDBNhK6BwoOGw_90,2021,10,-1.235889602722702,36.67917793744763,mD5ThhjkBFDBNhK6BwoOGw,Google/m/D/,True,GSVI,background
f6936581-4vB82o0yLJYVU2-bHcm-zw_180,2018,2,-1.279561237199414,36.83325652723499,4vB82o0yLJYVU2-bHcm-zw,Google/4/v/,True,GSVI,waste
5bdfeba1-G4D510h_135Nw4jEvcYpHA_270,2021,7,-1.290289961786039,36.84136998293027,G4D510h_135Nw4jEvcYpHA,Google/G/4/,True,GSVI,waste
_NrdiDz5scW7NkG_p8nbEg_0,2021,10,-1.168113764566965,36.72879501321393,_NrdiDz5scW7NkG_p8nbEg,Google/_/N/,True,GSVI,background
005690f5-TucVyt2oGsnT9VcWeopHqQ_0,2018,3,-1.315359198980552,36.79745293342331,TucVyt2oGsnT9VcWeopHqQ,Google/T/u/,True,GSVI,waste
07dda1b1-iJb3YnnrFy8KFN4AXGZqSg_0,2018,1,-1.308372717992413,36.77184001642819,iJb3YnnrFy8KFN4AXGZqSg,Google/i/J/,True,GSVI,waste
lq0pjl-pCy_7SC6YWUSJHA_270,2018,4,-1.340066108079043,36.67092761194247,lq0pjl-pCy_7SC6YWUSJHA,Google/l/q/,True,GSVI,background
IMG_8344,2023,2,-1.2686944444444443,36.99271388888889,,ZWL/,True,SC,background
f1ae69a1-eTcnYiNvy-kbROJog-CFSQ_90,2021,7,-1.302762042460879,36.91494055799915,eTcnYiNvy-kbROJog-CFSQ,Google/e/T/,True,GSVI,waste
3ec4f513-IMG_7811,2023,2,-1.312752777777778,36.87166111111111,,ZWL/,True,SC,waste
9aa44c83-nXVVAJddpT9FxlngkduArA_0,2018,2,-1.266395359056094,37.05061141678161,nXVVAJddpT9FxlngkduArA,Google/n/X/,True,GSVI,waste
e6271309-0MJc-J3O8hpPMCKVsPPBAQ_180,2021,9,-1.210307516171243,36.92616434764756,0MJc-J3O8hpPMCKVsPPBAQ,Google/0/M/,True,GSVI,waste
LghdeJS9brqMXVDmIY7nPw_270,2018,2,-1.262876535794971,36.993076288853,LghdeJS9brqMXVDmIY7nPw,Google/L/g/,True,GSVI,background
LLL7EKOdxiFoCArBAAkqoA_270,2018,2,-1.260139095649856,36.9096838454852,LLL7EKOdxiFoCArBAAkqoA,Google/L/L/,True,GSVI,background
8df69f3b-6qfAoaAnLsUoUTcYOo8c_Q_0,2018,2,-1.275638143321693,36.8860930002451,6qfAoaAnLsUoUTcYOo8c_Q,Google/6/q/,True,GSVI,waste
81fb8c80-1IOohD9ys28ItaRapIZ_HA_180,2018,5,-1.261894937500659,36.8034812051204,1IOohD9ys28ItaRapIZ_HA,Google/1/I/,True,GSVI,waste
f7926f5b-JFf2YEHsNZ0-7kyhbP8OsQ_180,2021,8,-1.286293161256925,36.82738477326325,JFf2YEHsNZ0-7kyhbP8OsQ,Google/J/F/,True,GSVI,waste
IMG_8218,2023,2,-1.290447222222222,36.94735,,ZWL/,True,SC,background
IMG_7102,2023,2,-1.2993027777777777,36.79388055555555,,ZWL/,True,SC,background
IMG_7670,2023,2,-1.3150555555555556,36.86308888888889,,ZWL/,True,SC,background
df9660a9-5gVjVxfuop0A9rMuvy7gtQ_270,2018,4,-1.313767224608557,36.88790829692774,5gVjVxfuop0A9rMuvy7gtQ,Google/5/g/,True,GSVI,waste
2fh98tBYs5E6-umTns2HgQ_90,2021,9,-1.182276560000937,36.88107404890705,2fh98tBYs5E6-umTns2HgQ,Google/2/f/,True,GSVI,background
VtP8j6hJErZqx0WUtCHRHg_180,2022,3,-1.49118656241082,36.96399642409624,VtP8j6hJErZqx0WUtCHRHg,Google/V/t/,True,GSVI,background
OIuMyOi_t7vNl427CuLlEQ_180,2018,1,-1.310784922119146,36.69316151182164,OIuMyOi_t7vNl427CuLlEQ,Google/O/I/,True,GSVI,background
0a76dkLfPKBsty87ZuYlXw_180,2018,2,-1.208531811537368,36.84928695598239,0a76dkLfPKBsty87ZuYlXw,Google/0/a/,True,GSVI,background
M26LOgI3giSiI4s4rQS47Q_180,2021,7,-1.354647038690622,36.71781607393164,M26LOgI3giSiI4s4rQS47Q,Google/M/2/,True,GSVI,background
3abe762e-vEJfqKiDU4Ruu_6JFSpNNg_270,2018,1,-1.289754093793465,36.83943322843057,vEJfqKiDU4Ruu_6JFSpNNg,Google/v/E/,True,GSVI,waste
9444a3d7-CgO6GMJ9hNgMd9Sxft8irg_270,2018,2,-1.206050031418412,36.90896152468254,CgO6GMJ9hNgMd9Sxft8irg,Google/C/g/,True,GSVI,waste
0cb2a85b-ElL2BKAvMW467vQ8hfcpRQ_0,2018,2,-1.263592107044631,36.8941943147785,ElL2BKAvMW467vQ8hfcpRQ,Google/E/l/,True,GSVI,waste
WBHEwFI8BhCfomrsxcs1gQ_270,2018,1,-1.304274871684759,36.69254552449392,WBHEwFI8BhCfomrsxcs1gQ,Google/W/B/,True,GSVI,background
c6e38e2a-tZKPZnDwlevACSOhOAWozg_0,2018,2,-1.283446802805055,36.75278543674821,tZKPZnDwlevACSOhOAWozg,Google/t/Z/,True,GSVI,waste
9562a946-r7qhxZ-TO5x6qTGE2oD12w_270,2018,2,-1.246859394663021,36.90502588360117,r7qhxZ-TO5x6qTGE2oD12w,Google/r/7/,True,GSVI,waste
CYf_gEfgQ25hzdHPj9XydA_270,2022,2,-1.181809991724518,36.7458027490497,CYf_gEfgQ25hzdHPj9XydA,Google/C/Y/,True,GSVI,background
mYE59z-93UVPDPwjNrIQ2w_270,2018,2,-1.281121841559517,37.0737008247583,mYE59z-93UVPDPwjNrIQ2w,Google/m/Y/,True,GSVI,background
IMG_8153,2023,2,-1.3284527777777777,36.88048611111111,,ZWL/,True,SC,background
f51d6604-GpLoBIJX8QCnXfjxqDPjLw_0,2018,4,-1.32202545356569,36.88325724293485,GpLoBIJX8QCnXfjxqDPjLw,Google/G/p/,True,GSVI,waste
4505b981-ycF0Kl0mZ1o9qZvUZH6VHA_180,2021,7,-1.288468172521896,36.83920180651558,ycF0Kl0mZ1o9qZvUZH6VHA,Google/y/c/,True,GSVI,waste
3AV6NjOlXvIalxG9Ck9sUA_180,2018,2,-1.253043209954995,36.79259015670828,3AV6NjOlXvIalxG9Ck9sUA,Google/3/A/,True,GSVI,background
VBi7pS7eJgN5uZZjWfkzuA_180,2021,12,-1.194465085814093,36.73440608220383,VBi7pS7eJgN5uZZjWfkzuA,Google/V/B/,True,GSVI,background
lbyibiF8uM6qMZUOI30cvg_90,2021,8,-1.307651837021379,36.73512369868323,lbyibiF8uM6qMZUOI30cvg,Google/l/b/,True,GSVI,background
sugQaVIRypLT2pSQ3titrA_180,2021,8,-1.242798158673472,36.72447370940377,sugQaVIRypLT2pSQ3titrA,Google/s/u/,True,GSVI,background
VOchRGcnLjHIViBrZ5Gq4Q_270,2021,9,-1.226786963821855,36.89155065509307,VOchRGcnLjHIViBrZ5Gq4Q,Google/V/O/,True,GSVI,background
l9folC62FXDAqbya9TIaGQ_90,2021,7,-1.300299377374226,36.81585484736057,l9folC62FXDAqbya9TIaGQ,Google/l/9/,True,GSVI,background
LuitA52wVTx7B9Xlp1IlLg_0,2021,7,-1.338571974974526,36.88526400066461,LuitA52wVTx7B9Xlp1IlLg,Google/L/u/,True,GSVI,background
wN-W-hOWcSE5LIOy2FhnKQ_180,2022,4,-1.272835294710738,36.80917674580838,wN-W-hOWcSE5LIOy2FhnKQ,Google/w/N/,True,GSVI,background
VULMiLVRKxPJRW8aO-9LmA_180,2018,10,-1.270686924401863,36.80764328255879,VULMiLVRKxPJRW8aO-9LmA,Google/V/U/,True,GSVI,background
kyFAbKLP26CXX5Lpox3Gzg_0,2017,12,-1.325398432243811,36.78477155685779,kyFAbKLP26CXX5Lpox3Gzg,Google/k/y/,True,GSVI,background
-i-eH0et7_OzpUTIVMXEVg_0,2017,12,-1.293963018853498,36.77860236551618,-i-eH0et7_OzpUTIVMXEVg,Google/-/i/,True,GSVI,background
6f27390c-SyUcyyPi8eg8VPkmoxjarg_0,2017,12,-1.282951354741868,36.7272083162411,SyUcyyPi8eg8VPkmoxjarg,Google/S/y/,True,GSVI,waste
vXF802JqriKQezV1gqrv4Q_90,2017,12,-1.355904475344185,36.71284976739873,vXF802JqriKQezV1gqrv4Q,Google/v/X/,True,GSVI,background
4d41e362-NQ-_P2HnQDRVK_LkdSD7ig_270,2018,1,-1.216620904083125,36.82132781307781,NQ-_P2HnQDRVK_LkdSD7ig,Google/N/Q/,True,GSVI,waste
25647a22-IMG_7839,2023,2,-1.3127027777777778,36.87007777777778,,ZWL/,True,SC,waste
M8DYPj61lq4vJPWmWxStxg_180,2021,7,-1.281286530618139,36.81808252685621,M8DYPj61lq4vJPWmWxStxg,Google/M/8/,True,GSVI,background
IMG_8347,2023,2,-1.2692388888888888,36.993633333333335,,ZWL/,True,SC,background
d812c870-gXXx1jqdIvEWetosVKv9mA_0,2021,9,-1.214256383938492,36.9347907364586,gXXx1jqdIvEWetosVKv9mA,Google/g/X/,True,GSVI,waste
88889450-_qQDdioyhCUEi0gBqsDFcg_270,2021,7,-1.316731349274114,36.91123306999143,_qQDdioyhCUEi0gBqsDFcg,Google/_/q/,True,GSVI,waste
c6fa4528-HJ02gba5_lCBLd6UUz475w_0,2021,9,-1.20639243471484,36.95324449674564,HJ02gba5_lCBLd6UUz475w,Google/H/J/,True,GSVI,waste
c5b53e16-pLlZzp73P-RF7CXfzMYV8Q_0,2021,7,-1.311730657159007,36.85050893132154,pLlZzp73P-RF7CXfzMYV8Q,Google/p/L/,True,GSVI,waste
5ecea192-IMG_7816,2023,2,-1.312186111111111,36.87022777777778,,ZWL/,True,SC,waste
97287a76-Wd02xu6fT3cwgOQQSst5bw_0,2018,2,-1.255760131941353,36.88282397436044,Wd02xu6fT3cwgOQQSst5bw,Google/W/d/,True,GSVI,waste
ab7acde8-Pgi7mwe0rf_5dx86WIpoQQ_0,2021,9,-1.202905487748758,36.94032833718735,Pgi7mwe0rf_5dx86WIpoQQ,Google/P/g/,True,GSVI,waste
Mc4tn49WViURTNKNcg0YjA_270,2021,8,-1.284226501626696,36.84794466472297,Mc4tn49WViURTNKNcg0YjA,Google/M/c/,True,GSVI,background
lIyP0hHYl95pfe4vU3KSzQ_180,2021,8,-1.299446739904206,36.88603300662837,lIyP0hHYl95pfe4vU3KSzQ,Google/l/I/,True,GSVI,background
vkScmRdbAvADx1iDu1yrBw_180,2021,7,-1.20645115256082,36.78163693256137,vkScmRdbAvADx1iDu1yrBw,Google/v/k/,True,GSVI,background
vhtLXMKOsodpmsv4JKs3dQ_90,2021,7,-1.312625908088769,36.84438267487287,vhtLXMKOsodpmsv4JKs3dQ,Google/v/h/,True,GSVI,background
VLg05eGaYcBpWAFcDI2YPQ_90,2018,2,-1.206740414223784,36.80387829605773,VLg05eGaYcBpWAFcDI2YPQ,Google/V/L/,True,GSVI,background
W8kYknLgn44ymzgtRKO_hQ_270,2021,8,-1.251277519131481,36.71334811581339,W8kYknLgn44ymzgtRKO_hQ,Google/W/8/,True,GSVI,background
9a1dd743-QN-d864-C6eTeqdZmGuypw_0,2021,8,-1.336214777348259,36.67937134301164,QN-d864-C6eTeqdZmGuypw,Google/Q/N/,True,GSVI,waste
42ce35e0-6tNIs-odBMrBYWiujj3dOQ_0,2021,9,-1.259003494578603,36.92571763392367,6tNIs-odBMrBYWiujj3dOQ,Google/6/t/,True,GSVI,waste
2DChWsyO0U651pChMnHd7A_270,2018,2,-1.25000716285437,36.98865073284834,2DChWsyO0U651pChMnHd7A,Google/2/D/,True,GSVI,background
L9-ZnpZ-R6-pbKav21qwrg_180,2022,2,-1.387937750981169,36.7617513605375,L9-ZnpZ-R6-pbKav21qwrg,Google/L/9/,True,GSVI,background
c0dbaf79-YCAcWJNtMMqgKwTSpPcVmQ_0,2021,9,-1.316232557701071,36.85502641834344,YCAcWJNtMMqgKwTSpPcVmQ,Google/Y/C/,True,GSVI,waste
43c13c5c-nfMywGQsFFQAifszm780Lw_0,2018,1,-1.284717908886797,36.89538058663855,nfMywGQsFFQAifszm780Lw,Google/n/f/,True,GSVI,waste
sw3Qdy7qrEGRFHFjmbAJSg_270,2017,12,-1.256601839436809,36.81086512063003,sw3Qdy7qrEGRFHFjmbAJSg,Google/s/w/,True,GSVI,background
IMG_0652,2023,2,-1.2993805555555555,36.763466666666666,,ZWL/,True,SC,background
VD6__bTJtOLc0HcHxTFOsw_270,2021,7,-1.240202701067695,36.94158406220274,VD6__bTJtOLc0HcHxTFOsw,Google/V/D/,True,GSVI,background
50094102-GPm56wMHlQnPhemGk7oS8w_270,2018,1,-1.282459802078846,36.89224171683843,GPm56wMHlQnPhemGk7oS8w,Google/G/P/,True,GSVI,waste
a416292b-jR24wEVpY7DJv_IRLYStCQ_180,2018,1,-1.317726880320081,36.86804658402819,jR24wEVpY7DJv_IRLYStCQ,Google/j/R/,True,GSVI,waste
2b374b58-EHFgtrzaTMqBAJtQHisXpw_0,2021,9,-1.21718719393003,36.92495716439637,EHFgtrzaTMqBAJtQHisXpw,Google/E/H/,True,GSVI,waste
f410d75e-nUV7LpBcbCO4RT3LwckrHA_0,2018,4,-1.363392815349596,36.66020331872202,nUV7LpBcbCO4RT3LwckrHA,Google/n/U/,True,GSVI,waste
93f5c239-R3Rch0lUe-Z2kHN7SS7l4w_0,2018,2,-1.246934292285993,36.90494473667897,R3Rch0lUe-Z2kHN7SS7l4w,Google/R/3/,True,GSVI,waste
ee84d95f-IMG_7853,2023,2,-1.3130722222222222,36.87148888888889,,ZWL/,True,SC,waste
f7d1e56e-q6QW7caLjthbyZvQ61fL6w_270,2018,3,-1.306640852499431,36.78332256675293,q6QW7caLjthbyZvQ61fL6w,Google/q/6/,True,GSVI,waste
t6LVkqGldGSp5QZGTHuEpw_0,2018,1,-1.302575452210631,36.71608946595686,t6LVkqGldGSp5QZGTHuEpw,Google/t/6/,True,GSVI,background
Tedl8Z4eOyC7IpSIdrmUgw_180,2018,1,-1.33996620148758,36.75612550490876,Tedl8Z4eOyC7IpSIdrmUgw,Google/T/e/,True,GSVI,background
34ac79a2-cZQNkZs2GcabnoGe9qtzbw_0,2022,3,-1.260963026071867,36.85366969877722,cZQNkZs2GcabnoGe9qtzbw,Google/c/Z/,True,GSVI,waste
Tg-wwKjbS4b6nLu4_0yeyw_0,2021,8,-1.303209397185619,36.67988168439093,Tg-wwKjbS4b6nLu4_0yeyw,Google/T/g/,True,GSVI,background
49112c26-5cqBIezI9MWYZFFJGGONsA_90,2021,8,-1.294527569756432,36.84138090495137,5cqBIezI9MWYZFFJGGONsA,Google/5/c/,True,GSVI,waste
8ac7f64b-H9J_lWt1dOHz44_xM1_ZeQ_0,2018,4,-1.319895538168801,36.90063323640264,H9J_lWt1dOHz44_xM1_ZeQ,Google/H/9/,True,GSVI,waste
b489510a-Gl73jkti8Iq0vdJuCufPgw_0,2018,2,-1.287432219778495,36.72470450331821,Gl73jkti8Iq0vdJuCufPgw,Google/G/l/,True,GSVI,waste
50339e35-_e7aWa_dxhM7AgyIBEB-sA_0,2018,2,-1.264347596519707,36.88192500983988,_e7aWa_dxhM7AgyIBEB-sA,Google/_/e/,True,GSVI,waste
vFnaKG9yjVeK5JC-IF7Dxg_0,2021,9,-1.473783991790425,36.96731979087119,vFnaKG9yjVeK5JC-IF7Dxg,Google/v/F/,True,GSVI,background
LndhPruYzYBk4pxsxUxX0g_270,2021,8,-1.263961555968975,36.66631715237949,LndhPruYzYBk4pxsxUxX0g,Google/L/n/,True,GSVI,background
LjBxXreb1YmEhUuJNm2C4g_270,2017,12,-1.252562888340353,36.76961020372131,LjBxXreb1YmEhUuJNm2C4g,Google/L/j/,True,GSVI,background
IMG_0736,2023,2,-1.3379305555555554,36.73295555555555,,ZWL/,True,SC,background
7be31a55-SJ2HHKt7zh0MmmcUeFyJng_90,2018,2,-1.27198502340084,36.88720045227389,SJ2HHKt7zh0MmmcUeFyJng,Google/S/J/,True,GSVI,waste
fa7e5c34-Yshpmzv5wSaqFyhF4rFspg_0,2021,7,-1.270094917397778,36.95074482308704,Yshpmzv5wSaqFyhF4rFspg,Google/Y/s/,True,GSVI,waste
vHZMW59MZ_dBszO28z5Zlg_90,2018,2,-1.276114004290849,36.81377981985809,vHZMW59MZ_dBszO28z5Zlg,Google/v/H/,True,GSVI,background
KyoS-pMxF4ZjDbJHnFd3FA_90,2021,7,-1.269885549440648,36.79518535372326,KyoS-pMxF4ZjDbJHnFd3FA,Google/K/y/,True,GSVI,background
lGMVHtzmsCw2SB84VRpOXA_180,2021,7,-1.264536173207882,36.79967558048519,lGMVHtzmsCw2SB84VRpOXA,Google/l/G/,True,GSVI,background
28df525a-hY50BXQd5b2oebzczUy7Sw_0,2021,12,-1.153624463971764,36.94492443846003,hY50BXQd5b2oebzczUy7Sw,Google/h/Y/,True,GSVI,waste
960e4bf4-ualIcAGRfbzwvVgbJJEGLg_90,2021,8,-1.329421709735502,36.85790932337736,ualIcAGRfbzwvVgbJJEGLg,Google/u/a/,True,GSVI,waste
VfxMTMKJM4m6zgUhHRc8vw_0,2021,9,-1.214286203377297,36.90563928250868,VfxMTMKJM4m6zgUhHRc8vw,Google/V/f/,True,GSVI,background
G9iyq8tcYd-4crysii_MrQ_270,2021,8,-1.297334790424606,36.84523652362268,G9iyq8tcYd-4crysii_MrQ,Google/G/9/,True,GSVI,background
3ac60f83-IMG_8489,2023,2,-1.2784027777777778,37.035980555555554,,ZWL/,True,SC,waste
-9gA2sE9YIEFtcrHVWySPg_270,2021,10,-1.287374427906837,36.68188449981412,-9gA2sE9YIEFtcrHVWySPg,Google/-/9/,True,GSVI,background
Vd0ccJ0vI_3XC_1uzor2nA_0,2021,7,-1.305788549475558,36.88235541109724,Vd0ccJ0vI_3XC_1uzor2nA,Google/V/d/,True,GSVI,background
tC8J02qq4qvJOrLGOGKUJg_180,2021,9,-1.230726025879903,36.89462226439737,tC8J02qq4qvJOrLGOGKUJg,Google/t/C/,True,GSVI,background
vbhGo08fljf9ywj0MzU-5Q_180,2021,7,-1.319368724801216,36.70483591902095,vbhGo08fljf9ywj0MzU-5Q,Google/v/b/,True,GSVI,background
1f8191c6-63eel4uRjiLt6Apie_SSpQ_0,2018,2,-1.282674710510785,36.84001449006494,63eel4uRjiLt6Apie_SSpQ,Google/6/3/,True,GSVI,waste
2SUuAEwOey01NoMZQ1VDbA_90,2021,7,-1.262788979883096,36.79786361461183,2SUuAEwOey01NoMZQ1VDbA,Google/2/S/,True,GSVI,background
dbe77892-P9y75hne3j7dEmdafX8hyw_0,2018,3,-1.310829342077114,36.78963525848491,P9y75hne3j7dEmdafX8hyw,Google/P/9/,True,GSVI,waste
1fe3183d-MWKMBPC1yt0eeRzwMh6I8A_0,2018,2,-1.267476478826503,36.89960073948829,MWKMBPC1yt0eeRzwMh6I8A,Google/M/W/,True,GSVI,waste
ef748f0b-YbrcawYVGuEO2zTigsJ0HQ_0,2018,1,-1.30421228691048,36.73205211001937,YbrcawYVGuEO2zTigsJ0HQ,Google/Y/b/,True,GSVI,waste
ec3cc37c-SzuRg7SycjcjZJ6MH6kwCQ_0,2021,12,-1.159477963788937,36.95091373926784,SzuRg7SycjcjZJ6MH6kwCQ,Google/S/z/,True,GSVI,waste
LKk3QB5tNdFJ4ah1TNjHNg_180,2018,2,-1.23125746879946,36.88453060605006,LKk3QB5tNdFJ4ah1TNjHNg,Google/L/K/,True,GSVI,background
aa90b6e2-WechatIMG1049,,,,,,,True,SC,waste
_jF5DTM0JNEpye4y73KkQw_0,2021,9,-1.285911014490844,36.81140832367102,_jF5DTM0JNEpye4y73KkQw,Google/_/j/,True,GSVI,background
vbZ0qiN19ErMZnMTq4pgBw_270,2022,2,-1.190746665507138,36.7916590289,vbZ0qiN19ErMZnMTq4pgBw,Google/v/b/,True,GSVI,background
effd0b75-SQ8YB-Bf_g0bdP0674JctQ_270,2021,8,-1.375274090842959,36.9377779484968,SQ8YB-Bf_g0bdP0674JctQ,Google/S/Q/,True,GSVI,waste
LOe7QGuXBt29Qb73y6LT4A_90,2021,8,-1.262977300316457,36.68019154162722,LOe7QGuXBt29Qb73y6LT4A,Google/L/O/,True,GSVI,background
bfbda3f5-oKS_9mOS5yO5uP6ZCaky1Q_270,2018,2,-1.24847479619006,36.89185511368734,oKS_9mOS5yO5uP6ZCaky1Q,Google/o/K/,True,GSVI,waste
VBnqi_rJXcbC7osZbHqlCg_90,2018,1,-1.319943999969688,36.69930826947063,VBnqi_rJXcbC7osZbHqlCg,Google/V/B/,True,GSVI,background
MyfU-B8M_-1dc7n7TQJzag_180,2021,8,-1.286267725843034,36.82698329120608,MyfU-B8M_-1dc7n7TQJzag,Google/M/y/,True,GSVI,background
8E6xaiQ70NxLJNh4lDS3IQ_0,2021,8,-1.28324499390711,36.95031285507979,8E6xaiQ70NxLJNh4lDS3IQ,Google/8/E/,True,GSVI,background
IMG_6965,2023,2,-1.3644861111111113,36.74579722222222,,ZWL/,True,SC,background
VKQySOfwVoF5QhGRRbiX9g_180,2018,2,-1.391222063398564,36.78320676795296,VKQySOfwVoF5QhGRRbiX9g,Google/V/K/,True,GSVI,background
f7dfc667-4QwCwDrC-eObhjPGInLezw_270,2018,1,-1.28412433876811,36.86798649359439,4QwCwDrC-eObhjPGInLezw,Google/4/Q/,True,GSVI,waste
33904ad3-IeK3l9J2D4kXo6WOrvx-iw_0,2021,9,-1.236867686831239,36.93016242084667,IeK3l9J2D4kXo6WOrvx-iw,Google/I/e/,True,GSVI,waste
27d36171-bh_i3eCIsuIFdXyAzpSTCA_0,2021,9,-1.216572181666448,36.92361609066508,bh_i3eCIsuIFdXyAzpSTCA,Google/b/h/,True,GSVI,waste
d289b1ea-E3tPw1kSilc71bQkfU12uA_0,2021,12,-1.153823210855879,36.94486006469236,E3tPw1kSilc71bQkfU12uA,Google/E/3/,True,GSVI,waste
_eKuELqINtxqlFaLSwfqyw_270,2018,5,-1.166241863585411,36.96491176282417,_eKuELqINtxqlFaLSwfqyw,Google/_/e/,True,GSVI,background
dddd727b-IMG_6652,,,,,,,True,SC,waste
0f855d06-iylVpVSiAT1LIsG1APJc2w_0,2021,7,-1.301311182268439,36.91177791207689,iylVpVSiAT1LIsG1APJc2w,Google/i/y/,True,GSVI,waste
-x-2K6q7sNpZqLVEUHcr6Q_0,2021,8,-1.266025425106627,36.68458166463333,-x-2K6q7sNpZqLVEUHcr6Q,Google/-/x/,True,GSVI,background
0vvqYdO06MX8dl4iSRz12g_90,2021,7,-1.373174430596664,36.75885689054484,0vvqYdO06MX8dl4iSRz12g,Google/0/v/,True,GSVI,background
vIP_SWJ7cwiEd6OFr7LGrw_90,2021,8,-1.246178816284588,36.69140347412991,vIP_SWJ7cwiEd6OFr7LGrw,Google/v/I/,True,GSVI,background
Sv1Eh5WE4qy3UJZM-NVzGA_180,2021,7,-1.316852253060968,36.69627189846335,Sv1Eh5WE4qy3UJZM-NVzGA,Google/S/v/,True,GSVI,background
f11a2651-3d6maPFAthrxFfXVj1knhA_180,2021,9,-1.172816281551484,36.90944156852565,3d6maPFAthrxFfXVj1knhA,Google/3/d/,True,GSVI,waste
8a7f1514-hY50BXQd5b2oebzczUy7Sw_270,2021,12,-1.153624463971764,36.94492443846003,hY50BXQd5b2oebzczUy7Sw,Google/h/Y/,True,GSVI,waste
07ffb563-C_c_ImtazJQHa954bKrzLg_180,2021,10,-1.278400752102869,37.03622729156082,C_c_ImtazJQHa954bKrzLg,Google/C/_/,True,GSVI,waste
feb894ae-DXzjLsURZXP_rNzQCKIXuw_270,2021,9,-1.213233541950505,36.90461965579369,DXzjLsURZXP_rNzQCKIXuw,Google/D/X/,True,GSVI,waste
87fb8ab3-Aj-2JvxFzptXn8mrPG_oWw_0,2021,8,-1.285335858012197,36.89068191535802,Aj-2JvxFzptXn8mrPG_oWw,Google/A/j/,True,GSVI,waste
a6ef5082-_KLVDuUjTJr7nSIMooEdDw_180,2018,2,-1.289828259963496,36.84404320196357,_KLVDuUjTJr7nSIMooEdDw,Google/_/K/,True,GSVI,waste
2241fdf6-_7Jry4Dvvkzm3HQ-gTcjCw_0,2021,9,-1.207426572799113,36.93052675854526,_7Jry4Dvvkzm3HQ-gTcjCw,Google/_/7/,True,GSVI,waste
255aadbe-IMG_7841,2023,2,-1.3127,36.87007777777778,,ZWL/,True,SC,waste
e73339fe--IWRLSUH5z4_XZNFVKof6g_180,2022,4,-1.263481488949969,36.86239294292968,-IWRLSUH5z4_XZNFVKof6g,Google/-/I/,True,GSVI,waste
823d1718-_heDXXeWHX1n8oGqmStVIA_0,2018,2,-1.253821699785008,36.88448727185099,_heDXXeWHX1n8oGqmStVIA,Google/_/h/,True,GSVI,waste
IMG_8143,2023,2,-1.329411111111111,36.87358888888889,,ZWL/,True,SC,background
5b68a00d-N3cue1lX4aJ-S2LY4zacrg_0,2018,2,-1.263648129099978,36.84653706784444,N3cue1lX4aJ-S2LY4zacrg,Google/N/3/,True,GSVI,waste
IMG_7258,2023,2,-1.2777222222222222,36.80601388888888,,ZWL/,True,SC,background
TGxQ8TdfW8OUfOTXIJz2dw_0,2017,12,-1.352315569912753,36.70926703922829,TGxQ8TdfW8OUfOTXIJz2dw,Google/T/G/,True,GSVI,background
37eb2376-310211603998748,,,,,,,True,SC,waste
T3QNLDS6cLImDVyEAcI5ZA_270,2021,10,-1.230746593627683,36.6946710953429,T3QNLDS6cLImDVyEAcI5ZA,Google/T/3/,True,GSVI,background
564a56c3-FJzRLq1jbBKZTpREstr1dA_270,2018,2,-1.247255164301888,36.90232271564641,FJzRLq1jbBKZTpREstr1dA,Google/F/J/,True,GSVI,waste
9d54997e-7W4d0KSjFKKVXbf5yCGmNA_270,2018,1,-1.282380334381559,36.89242882185692,7W4d0KSjFKKVXbf5yCGmNA,Google/7/W/,True,GSVI,waste
VH54m0UK2aNjPBHYDOOa_Q_270,2021,7,-1.311694894941015,36.8298015866627,VH54m0UK2aNjPBHYDOOa_Q,Google/V/H/,True,GSVI,background
IMG_6581,2023,2,-1.2940805555555557,36.79577777777778,,ZWL/,True,SC,background
tEHUYNrgRRrDm5EnhvBPDQ_90,2021,10,-1.329580796661882,36.87257588232992,tEHUYNrgRRrDm5EnhvBPDQ,Google/t/E/,True,GSVI,background
fd0e3a2d-HeWpviOTswpSdPoOrhxbsQ_0,2018,4,-1.363559862100086,36.65951996661626,HeWpviOTswpSdPoOrhxbsQ,Google/H/e/,True,GSVI,waste
27705ce4-UmycFE7NpVWMLl3htuG6Wg_180,2018,2,-1.394682468839921,36.76500816181476,UmycFE7NpVWMLl3htuG6Wg,Google/U/m/,True,GSVI,waste
IMG_7661,2023,2,-1.315877777777778,36.86230555555556,,ZWL/,True,SC,background
IMG_0668,2023,2,-1.3075944444444445,36.73518333333333,,ZWL/,True,SC,background
1ee1dd79-pi2VFgnbkiJIb1XGX5WXvg_0,2018,2,-1.26872537687455,36.84142615330722,pi2VFgnbkiJIb1XGX5WXvg,Google/p/i/,True,GSVI,waste
bcf47c45-H1qBrNaHkOaQcU_YGOVTMQ_0,2018,2,-1.18057783289083,36.90930160050338,H1qBrNaHkOaQcU_YGOVTMQ,Google/H/1/,True,GSVI,waste
maFyUZfzANJPliuu65Defw_270,2021,7,-1.295028875865586,36.81634256360075,maFyUZfzANJPliuu65Defw,Google/m/a/,True,GSVI,background
9009d6ff-vXc9-6HYhQIx1EdzTXotew_270,2021,9,-1.176323992276521,36.91125948766519,vXc9-6HYhQIx1EdzTXotew,Google/v/X/,True,GSVI,waste
fce92768-IMG_7803,2023,2,-1.312738888888889,36.87212777777778,,ZWL/,True,SC,waste
teHDqzAEuLBYkVlDQY57sA_180,2021,7,-1.356178437048357,36.74278538065622,teHDqzAEuLBYkVlDQY57sA,Google/t/e/,True,GSVI,background
93d52ab6-oFlcV2fmKxg4qxEABPQiJQ_180,2018,2,-1.26261748016237,36.8869233035877,oFlcV2fmKxg4qxEABPQiJQ,Google/o/F/,True,GSVI,waste
6f2ad496-kZjpcJgI3yzLkSpvgCBukg_180,2017,12,-1.267862434205,36.75746461416953,kZjpcJgI3yzLkSpvgCBukg,Google/k/Z/,True,GSVI,waste
tbggTRlFzS-rORhAUtl_VQ_270,2018,1,-1.277303971742586,36.90648684104806,tbggTRlFzS-rORhAUtl_VQ,Google/t/b/,True,GSVI,background
af84b6d1-8vBuWqe7yKjASdBpwkx_xg_180,2018,2,-1.242669466199547,36.89459067088659,8vBuWqe7yKjASdBpwkx_xg,Google/8/v/,True,GSVI,waste
2a1df342-IidotkmP8uEr5ck1py2PpQ_0,2018,2,-1.262139370184454,36.8671020421064,IidotkmP8uEr5ck1py2PpQ,Google/I/i/,True,GSVI,waste
e0d06403-bNDlrpAd65yKsvqV1QLG2g_0,2021,8,-1.278491317362542,36.90876084228849,bNDlrpAd65yKsvqV1QLG2g,Google/b/N/,True,GSVI,waste
IMG_20230212_080752,2023,2,-1.3015580175,36.75379180888889,,ZWL/,True,SC,background
0a191937-IMG_7812,2023,2,-1.3127472222222225,36.87166666666667,,ZWL/,True,SC,waste
ad957384-IMG_7825,2023,2,-1.3121027777777778,36.87036388888889,,ZWL/,True,SC,waste
ZwkVy543zDbRYtEvbvbs3Q_0,2021,7,-1.280700821665014,36.77038641664551,ZwkVy543zDbRYtEvbvbs3Q,Google/Z/w/,True,GSVI,background
8bb3c4e5-Aexecal3CriC7ZQXnmWwQg_180,2021,7,-1.315335671210023,36.91386912954498,Aexecal3CriC7ZQXnmWwQg,Google/A/e/,True,GSVI,waste
ce9e607f-IMG_7843,2023,2,-1.312825,36.870063888888886,,ZWL/,True,SC,waste
tb6pCyBWFFsVdmtQqHjJoA_0,2018,4,-1.34885221282114,36.93986990033925,tb6pCyBWFFsVdmtQqHjJoA,Google/t/b/,True,GSVI,background
Tb-1SUFe67adpi15ciiaOA_180,2021,10,-1.237512181222317,36.72521231320637,Tb-1SUFe67adpi15ciiaOA,Google/T/b/,True,GSVI,background
8ab04ce2-dlx1bUqt64OnW9RjkhcZzw_0,2021,9,-1.213570591091543,36.91099982285031,dlx1bUqt64OnW9RjkhcZzw,Google/d/l/,True,GSVI,waste
431a959a-lqGyDTyJZmqnyIF_Ra45_w_0,2021,7,-1.295384852900397,36.88669121025026,lqGyDTyJZmqnyIF_Ra45_w,Google/l/q/,True,GSVI,waste
826c24eb-2QOIi1Q6klN_bBC_cv6k7w_90,2018,2,-1.210357080230731,36.89625969231962,2QOIi1Q6klN_bBC_cv6k7w,Google/2/Q/,True,GSVI,waste
66d926b4-_yezwn_-YYGKutBVgmJO7g_90,2018,2,-1.251764581692565,36.88695284865585,_yezwn_-YYGKutBVgmJO7g,Google/_/y/,True,GSVI,waste
l0c8VZ4261D0emyGrPmsfw_270,2018,1,-1.394202279521651,36.73293299763166,l0c8VZ4261D0emyGrPmsfw,Google/l/0/,True,GSVI,background
MhumWvFlPz7q3Q9uv2At4Q_90,2021,7,-1.248853633202664,36.78220541718832,MhumWvFlPz7q3Q9uv2At4Q,Google/M/h/,True,GSVI,background
5877cbbc-8FdGAAjBhifo_dHitHE8yw_180,2021,8,-1.255286493475714,36.86858337330774,8FdGAAjBhifo_dHitHE8yw,Google/8/F/,True,GSVI,waste
510a26ad-_qQDdioyhCUEi0gBqsDFcg_0,2021,7,-1.316731349274114,36.91123306999143,_qQDdioyhCUEi0gBqsDFcg,Google/_/q/,True,GSVI,waste
91d88c23-ualIcAGRfbzwvVgbJJEGLg_0,2021,8,-1.329421709735502,36.85790932337736,ualIcAGRfbzwvVgbJJEGLg,Google/u/a/,True,GSVI,waste
1-0Y9jj_Xg6B65m_3cZHyA_270,2018,3,-1.299128620074529,36.81292922164202,1-0Y9jj_Xg6B65m_3cZHyA,Google/1/-/,True,GSVI,background
e854e3d5-_HIMljzpuJRYcS7IlHXOZA_270,2018,2,-1.188173184616882,36.90590077136169,_HIMljzpuJRYcS7IlHXOZA,Google/_/H/,True,GSVI,waste
4be2b8ba-INtw9koWuXHd7kCzLTujwA_0,2021,9,-1.259002894093006,36.92562502620238,INtw9koWuXHd7kCzLTujwA,Google/I/N/,True,GSVI,waste
0d0ceb56-zVAi2guQrhjjZ1lwgoecoQ_0,2021,8,-1.276906896377121,36.82772892246935,zVAi2guQrhjjZ1lwgoecoQ,Google/z/V/,True,GSVI,waste
e962ce76-IMG_7819,2023,2,-1.3121805555555557,36.870266666666666,,ZWL/,True,SC,waste
VBLxPhw3bGdd889hU113pA_180,2021,8,-1.205157232186923,36.83817394937367,VBLxPhw3bGdd889hU113pA,Google/V/B/,True,GSVI,background
2JvmCJQdYo4Dn3YehUz89w_0,2018,2,-1.212054871513181,36.80983547208283,2JvmCJQdYo4Dn3YehUz89w,Google/2/J/,True,GSVI,background
L589VHa_kGByMNQrxKSqnQ_0,2018,3,-1.288663758551677,36.6961731606392,L589VHa_kGByMNQrxKSqnQ,Google/L/5/,True,GSVI,background
IMG_8284,2023,2,-1.2737944444444445,36.97316111111111,,ZWL/,True,SC,background
0NBThT-kt9xtNlmdnG4HSQ_90,2021,8,-1.247101397959161,36.72191699786298,0NBThT-kt9xtNlmdnG4HSQ,Google/0/N/,True,GSVI,background
wr8NqIzkACu6SDdoQ62FOQ_90,2021,9,-1.279403999507001,36.80687575848909,wr8NqIzkACu6SDdoQ62FOQ,Google/w/r/,True,GSVI,background
IMG_8509,2023,2,-1.2756888888888889,37.00663055555555,,ZWL/,True,SC,background
6f1a0dbe-GvhSamIcHQUVEFIMMqwJ7g_0,2018,2,-1.251212829484894,36.92492476367497,GvhSamIcHQUVEFIMMqwJ7g,Google/G/v/,True,GSVI,waste
5a599d7f-qLlT98EXpZ0_oi-WOpu-Tg_0,2018,2,-1.254769272125378,36.88367860833137,qLlT98EXpZ0_oi-WOpu-Tg,Google/q/L/,True,GSVI,waste
IMG_7175,2023,2,-1.2893305555555554,36.798141666666666,,ZWL/,True,SC,background
-8Ju3S-F50wrx-N9ilHdkw_90,2021,10,-1.33723908762887,36.89388920938561,-8Ju3S-F50wrx-N9ilHdkw,Google/-/8/,True,GSVI,background
w-_O6mCNiaymIL0RRtkq_g_90,2021,8,-1.26973544757103,36.66905825852764,w-_O6mCNiaymIL0RRtkq_g,Google/w/-/,True,GSVI,background
67d84eb6-nkKq-jOG4_s9jsF-4aGA9g_0,2018,2,-1.180550774745089,36.909253686418,nkKq-jOG4_s9jsF-4aGA9g,Google/n/k/,True,GSVI,waste
fc87b517-OVeuOPmBSndJ3cSLsfWjTg_270,2018,2,-1.263689958761809,36.84708033674953,OVeuOPmBSndJ3cSLsfWjTg,Google/O/V/,True,GSVI,waste
2d080412-__gK2DRiv50-jSZ_2ECsvw_0,2018,3,-1.305814804661981,36.78509437263658,__gK2DRiv50-jSZ_2ECsvw,Google/_/_/,True,GSVI,waste
vc6vuWR6mmCcKXIhNJj8Xg_0,2018,5,-1.196051776018184,36.81754085155274,vc6vuWR6mmCcKXIhNJj8Xg,Google/v/c/,True,GSVI,background
9bc43835-IMG_7791,2023,2,-1.3132666666666668,36.87263611111111,,ZWL/,True,SC,waste
25f51470-b1qFbsFAyaMz5ym6_A8JwA_270,2021,7,-1.292304642166922,36.90897194439937,b1qFbsFAyaMz5ym6_A8JwA,Google/b/1/,True,GSVI,waste
svF_3DAtLzqKZX_F_lH6DA_90,2018,1,-1.310236614499165,36.70761978685611,svF_3DAtLzqKZX_F_lH6DA,Google/s/v/,True,GSVI,background
MbpXYmOdaZepPXcNxvdLrw_0,2017,12,-1.330071845664792,36.73161359499105,MbpXYmOdaZepPXcNxvdLrw,Google/M/b/,True,GSVI,background
lGWiKuXljnMq_cI1Mnf8FQ_0,2018,5,-1.157699233729955,36.96096051641599,lGWiKuXljnMq_cI1Mnf8FQ,Google/l/G/,True,GSVI,background
TenC8QSuG5LLmjJNO8JUGQ_0,2018,5,-1.32254630107818,36.6745983586019,TenC8QSuG5LLmjJNO8JUGQ,Google/T/e/,True,GSVI,background
sxEVHFmez0onVlmUwEGyUQ_0,2021,8,-1.284257558509901,36.82030824982708,sxEVHFmez0onVlmUwEGyUQ,Google/s/x/,True,GSVI,background
86a4c5af-ZTB_wDZrVD3ed6ez5Fsyiw_270,2018,2,-1.262645859017872,36.88698231164253,ZTB_wDZrVD3ed6ez5Fsyiw,Google/Z/T/,True,GSVI,waste
dbf85cf9-o2mRTeVf8j2rLA3fMJsyQg_0,2021,9,-1.211116408343311,36.92878773099926,o2mRTeVf8j2rLA3fMJsyQg,Google/o/2/,True,GSVI,waste
ef75ae62-KDlJ4wf204P9zUEyojzx7w_90,2018,5,-1.262197328166929,36.80354159463081,KDlJ4wf204P9zUEyojzx7w,Google/K/D/,True,GSVI,waste
0pcBfRcYxZzhRCReU9NocQ_90,2021,10,-1.241549988031886,36.69960915991022,0pcBfRcYxZzhRCReU9NocQ,Google/0/p/,True,GSVI,background
362a049b-_a_qW1cdmQ71IOqVT489-w_270,2018,1,-1.313715756592909,36.79564502164319,_a_qW1cdmQ71IOqVT489-w,Google/_/a/,True,GSVI,waste
whrLpgN3ctq2xm3oLVWMIQ_270,2022,2,-1.200028797183703,36.759960334239,whrLpgN3ctq2xm3oLVWMIQ,Google/w/h/,True,GSVI,background
980cedc1-4o4YySA2R5SaUkWBATDaqw_180,2018,1,-1.287127841178562,36.69258321128144,4o4YySA2R5SaUkWBATDaqw,Google/4/o/,True,GSVI,waste
IMG_0778,2023,2,-1.350375,36.763669444444446,,ZWL/,True,SC,background
vdkdYAubEcSBGwIJHoOruQ_180,2021,9,-1.178571961477984,36.87237518259587,vdkdYAubEcSBGwIJHoOruQ,Google/v/d/,True,GSVI,background
a0579423-IMG_7820,2023,2,-1.3121805555555557,36.87030277777778,,ZWL/,True,SC,waste
59fd05df-Qlkc0nqxvO-9lW1iVBCqyA_0,2018,2,-1.247715061536125,36.95121122759326,Qlkc0nqxvO-9lW1iVBCqyA,Google/Q/l/,True,GSVI,waste
6c01e976-FJzRLq1jbBKZTpREstr1dA_180,2018,2,-1.247255164301888,36.90232271564641,FJzRLq1jbBKZTpREstr1dA,Google/F/J/,True,GSVI,waste
188729c3-A8DnghCH1DuypAIJY9MCcQ_180,2018,2,-1.174911544797689,36.90703171838172,A8DnghCH1DuypAIJY9MCcQ,Google/A/8/,True,GSVI,waste
IMG_20230212_080656,2023,2,-1.2992503641666666,36.762954711666666,,ZWL/,True,SC,background
LIGQA2x0i866oQrzVu2UTw_270,2017,12,-1.365431943917494,36.75040935429424,LIGQA2x0i866oQrzVu2UTw,Google/L/I/,True,GSVI,background
L6zTiTKnKycb_bOriIfAHg_270,2021,7,-1.343199121614356,36.87330717991767,L6zTiTKnKycb_bOriIfAHg,Google/L/6/,True,GSVI,background
lIOi5-hT3CnBc2hCaKEV_w_180,2021,7,-1.375554787874456,36.75932525186607,lIOi5-hT3CnBc2hCaKEV_w,Google/l/I/,True,GSVI,background
2tFYffcelKGiXqOp5AMkaA_0,2018,4,-1.356063854326016,36.64542098676001,2tFYffcelKGiXqOp5AMkaA,Google/2/t/,True,GSVI,background
45ef83be-LwimkLL98cHwWUxgmVGViw_0,2018,2,-1.284786295590431,36.84376441256796,LwimkLL98cHwWUxgmVGViw,Google/L/w/,True,GSVI,waste
acd5737a-ZifMKW72Y0rG1rNnhlIgFw_90,2022,3,-1.263824431949453,36.85489086245914,ZifMKW72Y0rG1rNnhlIgFw,Google/Z/i/,True,GSVI,waste
LAumyhrNk__fwT8IDNYi-A_270,2018,2,-1.391489621413719,36.7681352698953,LAumyhrNk__fwT8IDNYi-A,Google/L/A/,True,GSVI,background
d77627c6-5u9MrbetbifQDLJQLZAREA_90,2018,2,-1.174652224547048,36.91374081960559,5u9MrbetbifQDLJQLZAREA,Google/5/u/,True,GSVI,waste
c8af4ea4-BLS90b_yaEt6skaU7S1kKg_180,2018,2,-1.174711050089188,36.91368371996959,BLS90b_yaEt6skaU7S1kKg,Google/B/L/,True,GSVI,waste
thjcaAZ0yviLzwQ1KUh2JA_180,2021,8,-1.308585144579602,36.6911258377979,thjcaAZ0yviLzwQ1KUh2JA,Google/t/h/,True,GSVI,background
f9a66a6d-NY5jiDjgMQI4He-Zac3pNA_0,2018,2,-1.291934883343077,36.73921610182049,NY5jiDjgMQI4He-Zac3pNA,Google/N/Y/,True,GSVI,waste
mKArTLYvQDshEdRtTlCX6w_90,2018,2,-1.244212772430877,36.92089933426443,mKArTLYvQDshEdRtTlCX6w,Google/m/K/,True,GSVI,background
84151d7a--0_gZvvTxCxbRNmGootr3g_180,2018,2,-1.252538649644181,36.88337239230822,-0_gZvvTxCxbRNmGootr3g,Google/-/0/,True,GSVI,waste
f1f8a203-Ar8Ufvfa0IForls5XqFJTQ_0,2021,8,-1.312164588289721,36.85710118865617,Ar8Ufvfa0IForls5XqFJTQ,Google/A/r/,True,GSVI,waste
KYllaoqslhzMN6-lQAWSag_270,2021,8,-1.31117451771324,36.85758444492593,KYllaoqslhzMN6-lQAWSag,Google/K/Y/,True,GSVI,background
6031acbf-Jdg1WY326lN9yd1Jh-LI5g_0,2018,2,-1.204513972040724,36.90980699374479,Jdg1WY326lN9yd1Jh-LI5g,Google/J/d/,True,GSVI,waste
t8Xo7kPWizOu3qfVLYrDFA_0,2017,12,-1.254438214957253,36.79291030879145,t8Xo7kPWizOu3qfVLYrDFA,Google/t/8/,True,GSVI,background
b3ba63fb-TNT7lDEXdJObvIYaZivFHQ_0,2018,4,-1.363066873564396,36.66062579035557,TNT7lDEXdJObvIYaZivFHQ,Google/T/N/,True,GSVI,waste
memQmqbR2TPSbVaggwuvnw_0,2021,7,-1.380537332935467,36.77039060881438,memQmqbR2TPSbVaggwuvnw,Google/m/e/,True,GSVI,background
WD6X3yxWWZIcNe9QnY7-Xw_180,2021,7,-1.227622913847363,36.84868367926976,WD6X3yxWWZIcNe9QnY7-Xw,Google/W/D/,True,GSVI,background
LqNnTf1oWjliuSgC6ohNOw_90,2018,4,-1.365047100466499,36.67842019430388,LqNnTf1oWjliuSgC6ohNOw,Google/L/q/,True,GSVI,background
kzVgS2tlcFMmrS9baTjwCA_270,2021,8,-1.258422292374928,37.00220371858535,kzVgS2tlcFMmrS9baTjwCA,Google/k/z/,True,GSVI,background
879ce84b-ualIcAGRfbzwvVgbJJEGLg_180,2021,8,-1.329421709735502,36.85790932337736,ualIcAGRfbzwvVgbJJEGLg,Google/u/a/,True,GSVI,waste
ca17ec94-GPm56wMHlQnPhemGk7oS8w_180,2018,1,-1.282459802078846,36.89224171683843,GPm56wMHlQnPhemGk7oS8w,Google/G/P/,True,GSVI,waste
f7fe40f8-EyNJz6IHOia6nF-VHGNBtQ_90,2018,2,-1.275466166957865,36.88593608113317,EyNJz6IHOia6nF-VHGNBtQ,Google/E/y/,True,GSVI,waste
Lku7NLZwhSWar5L8IFitAA_180,2021,9,-1.477144128281292,36.96857767585288,Lku7NLZwhSWar5L8IFitAA,Google/L/k/,True,GSVI,background
b2a23c11-RVF7A437dnWUyqJZgoGXFg_0,2021,9,-1.217925324475236,36.7717728608125,RVF7A437dnWUyqJZgoGXFg,Google/R/V/,True,GSVI,waste
IMG_7002,2023,2,-1.346097222222222,36.76553611111111,,ZWL/,True,SC,background
afaf2117-isM7OLtPTVxVpU9dL11zeA_0,2021,7,-1.190571931563124,36.91417571063314,isM7OLtPTVxVpU9dL11zeA,Google/i/s/,True,GSVI,waste
MatHet4wa8IZBq_qik6mEg_90,2021,8,-1.287934370864751,36.85317393650597,MatHet4wa8IZBq_qik6mEg,Google/M/a/,True,GSVI,background
7b9c22b2-h5QYKIF8tKFd8PZpQVfw4w_0,2021,9,-1.188565567786497,36.90480049349568,h5QYKIF8tKFd8PZpQVfw4w,Google/h/5/,True,GSVI,waste
LOnr8rk3TbISsaotTsXSWQ_270,2021,8,-1.305042016273493,36.74469572335664,LOnr8rk3TbISsaotTsXSWQ,Google/L/O/,True,GSVI,background
vdqMe9imQBsI2GEhbI3eLQ_180,2021,8,-1.308859325709355,36.67308433536165,vdqMe9imQBsI2GEhbI3eLQ,Google/v/d/,True,GSVI,background
6642c47b-ldyiQ_bBNKrCbV7md00trA_0,2018,2,-1.205515304913617,36.87407048300133,ldyiQ_bBNKrCbV7md00trA,Google/l/d/,True,GSVI,waste
6e685bab-M2dwa7vqByWyEPpVI2I2kw_0,2018,2,-1.170780029149501,36.92898294509073,M2dwa7vqByWyEPpVI2I2kw,Google/M/2/,True,GSVI,waste
1b43aee3-VyopnSAHYNDPHhCujlOMbg_180,2018,2,-1.198717371591243,36.90707364447782,VyopnSAHYNDPHhCujlOMbg,Google/V/y/,True,GSVI,waste
t1UMTInyUA-Fps8DocuOcQ_90,2021,8,-1.296361603781544,36.69528871073995,t1UMTInyUA-Fps8DocuOcQ,Google/t/1/,True,GSVI,background
b3594d8a-bINCT5knIWHVsTbWfZha8A_270,2021,8,-1.319818637897291,36.89477850846899,bINCT5knIWHVsTbWfZha8A,Google/b/I/,True,GSVI,waste
59ec6a2e-aJdAamANJcB6Q8cDUvKaxg_90,2018,1,-1.282571419561543,36.89193496205318,aJdAamANJcB6Q8cDUvKaxg,Google/a/J/,True,GSVI,waste
19a34a5b-qwTNFcnuzCei8hd45efNJw_0,2021,8,-1.306738500282957,36.90122418931958,qwTNFcnuzCei8hd45efNJw,Google/q/w/,True,GSVI,waste
ljLqRlLR71FHAmEwLnS9mQ_180,2018,2,-1.239185123299483,36.76428886143088,ljLqRlLR71FHAmEwLnS9mQ,Google/l/j/,True,GSVI,background
mEpWIqNESCcL2Sf5LXz_KA_180,2022,2,-1.20443828063965,36.7754747130118,mEpWIqNESCcL2Sf5LXz_KA,Google/m/E/,True,GSVI,background
T0l1jAS-HRIUhPdzMXCnmA_0,2021,9,-1.22527093658965,36.8888995962564,T0l1jAS-HRIUhPdzMXCnmA,Google/T/0/,True,GSVI,background
849e3083-Kc-rQgs7yQnMGNmQIhooAQ_0,2021,7,-1.231740721171106,36.92565045437487,Kc-rQgs7yQnMGNmQIhooAQ,Google/K/c/,True,GSVI,waste
-hv8TLMKdoohYt2BPPnDbg_270,2021,7,-1.270044354491177,36.76636100306124,-hv8TLMKdoohYt2BPPnDbg,Google/-/h/,True,GSVI,background
0upQ5MQsuDc3zfD_UGgm1g_270,2018,1,-1.304312892486996,36.72426652067114,0upQ5MQsuDc3zfD_UGgm1g,Google/0/u/,True,GSVI,background
8e548c3b-caaAcE80j7SXX_2ShITMrA_0,2022,2,-1.401730523779602,36.76243722681592,caaAcE80j7SXX_2ShITMrA,Google/c/a/,True,GSVI,waste
VcQykJ1tFUi6OSnxW96fbg_270,2021,7,-1.287769152740048,36.79857609751233,VcQykJ1tFUi6OSnxW96fbg,Google/V/c/,True,GSVI,background
-HqRUAYGxI6QP2ALrUNnpQ_270,2018,2,-1.208780150224209,36.80750221712946,-HqRUAYGxI6QP2ALrUNnpQ,Google/-/H/,True,GSVI,background
L6pAwh4HHbqwDZfCdKwCmA_180,2021,9,-1.228033562392868,36.8900514037865,L6pAwh4HHbqwDZfCdKwCmA,Google/L/6/,True,GSVI,background
40624752-5cqBIezI9MWYZFFJGGONsA_0,2021,8,-1.294527569756432,36.84138090495137,5cqBIezI9MWYZFFJGGONsA,Google/5/c/,True,GSVI,waste
vhEDYPHJRMFBkUoES3lAcg_180,2021,9,-1.205120794452237,36.94411045465079,vhEDYPHJRMFBkUoES3lAcg,Google/v/h/,True,GSVI,background
lOwZRqlK2RFDlmwZhYvzLA_180,2021,8,-1.274265688289434,36.69589776369939,lOwZRqlK2RFDlmwZhYvzLA,Google/l/O/,True,GSVI,background
LqtXK_hVsU7MHn4f13JQYQ_270,2021,10,-1.205344621121303,36.7791177789213,LqtXK_hVsU7MHn4f13JQYQ,Google/L/q/,True,GSVI,background
aee4aef9-q0KKgCp3ksWpOmkRweT-Yg_180,2018,1,-1.287131448452266,36.69288207176842,q0KKgCp3ksWpOmkRweT-Yg,Google/q/0/,True,GSVI,waste
daa91697-CwB7jw3nRH7FUSDLCCSMbQ_0,2018,2,-1.247763959442288,36.94309480731196,CwB7jw3nRH7FUSDLCCSMbQ,Google/C/w/,True,GSVI,waste
viDjHvITApIVrVb-4UJZdA_0,2021,7,-1.260132602983652,36.8263730145823,viDjHvITApIVrVb-4UJZdA,Google/v/i/,True,GSVI,background
bf3f4340-U1eoPQGZJS9s0zf-XBbY1g_0,2018,4,-1.317727373773142,36.90403603271128,U1eoPQGZJS9s0zf-XBbY1g,Google/U/1/,True,GSVI,waste
1642ff45-IMG_7827,2023,2,-1.3121027777777778,36.87036388888889,,ZWL/,True,SC,waste
fe52b730-NRKcACNgB7La1s-eMC4e1Q_0,2021,8,-1.288247216259878,36.84571320637377,NRKcACNgB7La1s-eMC4e1Q,Google/N/R/,True,GSVI,waste
T2kEKAbbAJAtq093qxQMBQ_180,2021,8,-1.192881328313331,36.86022374323795,T2kEKAbbAJAtq093qxQMBQ,Google/T/2/,True,GSVI,background
VN0xfgCBMOxKonCLlnt7Mg_90,2022,2,-1.404114661440047,36.77386986275802,VN0xfgCBMOxKonCLlnt7Mg,Google/V/N/,True,GSVI,background
6f9cd925-fXVFyvQvWT34FGWurs8Ddg_0,2018,2,-1.215438424352738,36.88984287338788,fXVFyvQvWT34FGWurs8Ddg,Google/f/X/,True,GSVI,waste
thy2Qrn5gBmTL3-r0Y1RHg_0,2022,2,-1.176081523158059,36.74378455062251,thy2Qrn5gBmTL3-r0Y1RHg,Google/t/h/,True,GSVI,background
adee7e0d-OVeuOPmBSndJ3cSLsfWjTg_90,2018,2,-1.263689958761809,36.84708033674953,OVeuOPmBSndJ3cSLsfWjTg,Google/O/V/,True,GSVI,waste
ba729c76-IMG_7817,2023,2,-1.3121833333333337,36.87025555555556,,ZWL/,True,SC,waste
02402b59-b7aa-A9Jm1AW2sADwSnJ6A_90,2022,5,-1.162965228417925,36.9563049944555,b7aa-A9Jm1AW2sADwSnJ6A,Google/b/7/,True,GSVI,waste
9031dcca-ZbOhBVhpqdzME4lHQBJXyg_0,2018,2,-1.267088874945711,36.92598348059386,ZbOhBVhpqdzME4lHQBJXyg,Google/Z/b/,True,GSVI,waste
d4786b13-a56JU8oTFppFujqS8e2EAg_90,2018,3,-1.314431038949775,36.79613977364257,a56JU8oTFppFujqS8e2EAg,Google/a/5/,True,GSVI,waste
7645035e-IMG_7818,2023,2,-1.3121833333333337,36.870266666666666,,ZWL/,True,SC,waste
L-dMTQsm5nOACZ0gDJ8GdA_0,2021,7,-1.265551900593053,36.79678908439723,L-dMTQsm5nOACZ0gDJ8GdA,Google/L/-/,True,GSVI,background
97bd7623-aJdAamANJcB6Q8cDUvKaxg_0,2018,1,-1.282571419561543,36.89193496205318,aJdAamANJcB6Q8cDUvKaxg,Google/a/J/,True,GSVI,waste
c4d6c377-UrRoUBKATo0lZ4iSFwxUng_270,2021,8,-1.312264322720398,36.85705586782396,UrRoUBKATo0lZ4iSFwxUng,Google/U/r/,True,GSVI,waste
IMG_8485,2023,2,-1.278736111111111,37.03936111111111,,ZWL/,True,SC,background
076c643c-IMG_7809,2023,2,-1.3127805555555556,36.871658333333336,,ZWL/,True,SC,waste
Lk5nR8GthXQ1-2fQ0P92Xw_90,2018,2,-1.256318607214263,36.96008718794423,Lk5nR8GthXQ1-2fQ0P92Xw,Google/L/k/,True,GSVI,background
w4ns8M1HWnNIVTnN7vCCDA_180,2022,5,-1.311817358616217,36.92508570078805,w4ns8M1HWnNIVTnN7vCCDA,Google/w/4/,True,GSVI,background
6c72edec-ZPIXD6B8rvV8aW8uLzk4Kw_90,2021,9,-1.217429989890506,36.92415788773498,ZPIXD6B8rvV8aW8uLzk4Kw,Google/Z/P/,True,GSVI,waste
47b770ab-M16UWrSIe-YLOQz7tLv-Yg_0,2021,9,-1.204519656573925,36.93197843189061,M16UWrSIe-YLOQz7tLv-Yg,Google/M/1/,True,GSVI,waste
859a4268-oUeQ7ESJwTNMCc23jBy_Ww_0,2018,5,-1.14823712858783,36.95121007962521,oUeQ7ESJwTNMCc23jBy_Ww,Google/o/U/,True,GSVI,waste
02RP3J6wRNB64SACMo-GuQ_180,2021,7,-1.236529585573938,36.78103384260797,02RP3J6wRNB64SACMo-GuQ,Google/0/2/,True,GSVI,background
65f9df78-AFb44X-tjWkwqeKGOjTlxQ_90,2021,9,-1.213543648564979,36.92418643348012,AFb44X-tjWkwqeKGOjTlxQ,Google/A/F/,True,GSVI,waste
LjxpVyHi8SiQ58PjIkbaZg_180,2021,8,-1.276492798621607,36.77493987638415,LjxpVyHi8SiQ58PjIkbaZg,Google/L/j/,True,GSVI,background
12672d47-q6QW7caLjthbyZvQ61fL6w_0,2018,3,-1.306640852499431,36.78332256675293,q6QW7caLjthbyZvQ61fL6w,Google/q/6/,True,GSVI,waste
VzKU1WqwL1FMWLOkRSCOMQ_90,2018,1,-1.303107332725687,36.69860651616415,VzKU1WqwL1FMWLOkRSCOMQ,Google/V/z/,True,GSVI,background
Lm2LcX3iQAU0f75Zqgu97g_0,2022,2,-1.210173944340324,36.75061013904246,Lm2LcX3iQAU0f75Zqgu97g,Google/L/m/,True,GSVI,background
rIPIJRk-kTvOKQCoS8DYkw_0,2018,2,-1.520101789313424,36.95152019434185,rIPIJRk-kTvOKQCoS8DYkw,Google/r/I/,True,GSVI,background
IMG_20230212_080917,2023,2,-1.306132793333333,36.73926162694445,,ZWL/,True,SC,background
e3f2f88d-f2CgQvOV9Udy8hfi-Qy_RA_90,2017,12,-1.268165265487714,36.75682679734035,f2CgQvOV9Udy8hfi-Qy_RA,Google/f/2/,True,GSVI,waste
SyFvJ2s44s3IBb7NP7-SWA_90,2022,2,-1.167472881537842,36.79454556090393,SyFvJ2s44s3IBb7NP7-SWA,Google/S/y/,True,GSVI,background
IMG_8726,2023,2,-1.0431916666666667,36.60279722222222,,ZWL/,True,SC,background
5b6766f2--0_gZvvTxCxbRNmGootr3g_270,2018,2,-1.252538649644181,36.88337239230822,-0_gZvvTxCxbRNmGootr3g,Google/-/0/,True,GSVI,waste
tHvGuW0bUgzVUEe_CX44TQ_180,2021,10,-1.460752638307553,37.00904936034708,tHvGuW0bUgzVUEe_CX44TQ,Google/t/H/,True,GSVI,background
296f9eeb-eHrVHSkCVpR2d_7NG6yOIQ_0,2021,9,-1.190428072301003,36.91086789800456,eHrVHSkCVpR2d_7NG6yOIQ,Google/e/H/,True,GSVI,waste
vhC6Cq3D0YOkEjQwW50lyA_90,2018,1,-1.394881588980819,36.74976399455747,vhC6Cq3D0YOkEjQwW50lyA,Google/v/h/,True,GSVI,background
8860a54d-A2MMbVUET-qhK8hNcteVBw_90,2018,2,-1.276726396335839,36.91995104207209,A2MMbVUET-qhK8hNcteVBw,Google/A/2/,True,GSVI,waste
a883e247-Ph3IKAnlBlrSM0MxuvzAvA_0,2021,8,-1.251462617394626,36.95382764598093,Ph3IKAnlBlrSM0MxuvzAvA,Google/P/h/,True,GSVI,waste
96a64864-ppsR2KB-qBQ8OjEJYY3ugw_0,2021,8,-1.275934241542456,36.99266759938077,ppsR2KB-qBQ8OjEJYY3ugw,Google/p/p/,True,GSVI,waste
IMG_6534,2023,2,-1.2986972222222222,36.788069444444446,,ZWL/,True,SC,background
WDn-lF20un3835FIdZqMwQ_180,2017,12,-1.3557751568587,36.7128712380744,WDn-lF20un3835FIdZqMwQ,Google/W/D/,True,GSVI,background
llhhbAK1UK872y4LzH94Hw_270,2018,4,-1.347618611564207,36.66378585501914,llhhbAK1UK872y4LzH94Hw,Google/l/l/,True,GSVI,background
mDeXi_7XEUr8B9zAtC_hng_90,2021,10,-1.240397662857093,36.69592434074157,mDeXi_7XEUr8B9zAtC_hng,Google/m/D/,True,GSVI,background
MCO5FuFz3u0QnPKZ6HYPvg_270,2021,10,-1.178880144031155,36.63318857371296,MCO5FuFz3u0QnPKZ6HYPvg,Google/M/C/,True,GSVI,background
E-ZPJyDMf3lbPWUe0DOgtg_270,2021,9,-1.204535922976947,36.89791021291118,E-ZPJyDMf3lbPWUe0DOgtg,Google/E/-/,True,GSVI,background
Vd2LCpdhPi8a1OF5rVj3cw_270,2017,12,-1.300640599945675,36.83381935856854,Vd2LCpdhPi8a1OF5rVj3cw,Google/V/d/,True,GSVI,background
LiUKCBvuARDegjhB3RzlAg_180,2018,2,-1.186921123620408,36.91001546744258,LiUKCBvuARDegjhB3RzlAg,Google/L/i/,True,GSVI,background
ea000e04-5u9MrbetbifQDLJQLZAREA_180,2018,2,-1.174652224547048,36.91374081960559,5u9MrbetbifQDLJQLZAREA,Google/5/u/,True,GSVI,waste
-FfqJSZre5afN5Ejnr496A_270,2021,9,-1.195425596916103,36.94350451220569,-FfqJSZre5afN5Ejnr496A,Google/-/F/,True,GSVI,background
vFnaKG9yjVeK5JC-IF7Dxg_270,2021,9,-1.473783991790425,36.96731979087119,vFnaKG9yjVeK5JC-IF7Dxg,Google/v/F/,True,GSVI,background
vsTuKkelfJ9W11idvIypZA_180,2021,8,-1.238783057817386,36.76339363097245,vsTuKkelfJ9W11idvIypZA,Google/v/s/,True,GSVI,background
IMG_8041,2023,2,-1.2979027777777776,36.79821944444444,,ZWL/,True,SC,background
39adba3b-JwHOefBn_b-cyCSowjLLSQ_0,2021,9,-1.203727711214147,36.90525086276858,JwHOefBn_b-cyCSowjLLSQ,Google/J/w/,True,GSVI,waste
3c1a5868-zk1hQZetVa5vttS1b5up_A_0,2018,1,-1.271831206418094,36.84729613229494,zk1hQZetVa5vttS1b5up_A,Google/z/k/,True,GSVI,waste
4de2d365-A2MMbVUET-qhK8hNcteVBw_180,2018,2,-1.276726396335839,36.91995104207209,A2MMbVUET-qhK8hNcteVBw,Google/A/2/,True,GSVI,waste
d366e6b4-MgWY_TFWC55HfRnd6NAWrA_0,2021,8,-1.304400415889526,36.90289412663515,MgWY_TFWC55HfRnd6NAWrA,Google/M/g/,True,GSVI,waste
IMG_8082,2023,2,-1.294922222222222,36.821738888888895,,ZWL/,True,SC,background
mYOFl9oAMJIXAehxtOmdLQ_0,2021,9,-1.221116892768394,36.76361748070437,mYOFl9oAMJIXAehxtOmdLQ,Google/m/Y/,True,GSVI,background
b9233549-KRKWN0hXVrl5-riMazQnVQ_0,2018,2,-1.247135997503391,36.90229325881347,KRKWN0hXVrl5-riMazQnVQ,Google/K/R/,True,GSVI,waste
8e3c47fa-ZAefVkQa6yXO8QorUspw-g_0,2021,8,-1.297710340823772,36.90559998115403,ZAefVkQa6yXO8QorUspw-g,Google/Z/A/,True,GSVI,waste
e9dc71ef-BP9QoOxr7XnjzhlojJhYSg_90,2021,9,-1.21068365247559,36.92960721657846,BP9QoOxr7XnjzhlojJhYSg,Google/B/P/,True,GSVI,waste
4c71414c-dF3Mi5GaxSFROLch7lOQMA_0,2021,9,-1.207507617855029,36.92960418176739,dF3Mi5GaxSFROLch7lOQMA,Google/d/F/,True,GSVI,waste
taFIwrFR1-XMzxNe2k0MlA_90,2018,4,-1.354198345917976,36.65948415652134,taFIwrFR1-XMzxNe2k0MlA,Google/t/a/,True,GSVI,background
t41QojpCBt_qtXaYiefM1g_180,2018,10,-1.349631970336774,36.82236171344079,t41QojpCBt_qtXaYiefM1g,Google/t/4/,True,GSVI,background
MHDtlb9XQ40r0RBYeMgXAA_180,2021,9,-1.22780958805403,36.89291365141525,MHDtlb9XQ40r0RBYeMgXAA,Google/M/H/,True,GSVI,background
7a9b1259-KUbdvKkw4N4ALTv9wnHyQw_0,2018,2,-1.277365997067867,36.82721302660315,KUbdvKkw4N4ALTv9wnHyQw,Google/K/U/,True,GSVI,waste
woB7dkTd25Bj_mlWTaTKnw_270,2021,11,-1.220032757743185,36.86387839160177,woB7dkTd25Bj_mlWTaTKnw,Google/w/o/,True,GSVI,background
whHKdGVjAlpc3EbZSJzY5A_0,2018,2,-1.260428935160488,36.83745174715351,whHKdGVjAlpc3EbZSJzY5A,Google/w/h/,True,GSVI,background
b4684cb0-wOpG7rIiQMr4hkkQGKC8Wg_180,2021,8,-1.293486135916502,36.86527605205741,wOpG7rIiQMr4hkkQGKC8Wg,Google/w/O/,True,GSVI,waste
IMG_8492,2023,2,-1.2781833333333332,37.033633333333334,,ZWL/,True,SC,background
VcGf1uJy2hES6yLw8auRVA_0,2018,2,-1.223392704658997,36.89599414820506,VcGf1uJy2hES6yLw8auRVA,Google/V/c/,True,GSVI,background
